source_frame,pts_ticks,time_base
0,0,1/15360
1,256,1/15360
2,512,1/15360
3,768,1/15360
4,1024,1/15360
5,1280,1/15360
6,1536,1/15360
7,1792,1/15360
8,2048,1/15360
9,2304,1/15360
10,2560,1/15360
11,2816,1/15360
12,3072,1/15360
13,3328,1/15360
14,3584,1/15360
15,3840,1/15360
16,4096,1/15360
17,4352,1/15360
18,4608,1/15360
19,4864,1/15360
20,5120,1/15360
21,5376,1/15360
22,5632,1/15360
23,5888,1/15360
24,6144,1/15360
25,6400,1/15360
26,6656,1/15360
27,6912,1/15360
28,7168,1/15360
29,7424,1/15360
30,7680,1/15360
31,7936,1/15360
32,8192,1/15360
33,8448,1/15360
34,8704,1/15360
35,8960,1/15360
36,9216,1/15360
37,9472,1/15360
38,9728,1/15360
39,9984,1/15360
40,10240,1/15360
41,10496,1/15360
42,10752,1/15360
43,11008,1/15360
44,11264,1/15360
45,11520,1/15360
46,11776,1/15360
47,12032,1/15360
48,12288,1/15360
49,12544,1/15360
50,12800,1/15360
51,13056,1/15360
52,13312,1/15360
53,13568,1/15360
54,13824,1/15360
55,14080,1/15360
56,14336,1/15360
57,14592,1/15360
58,14848,1/15360
59,15104,1/15360
60,15360,1/15360
61,15616,1/15360
62,15872,1/15360
63,16128,1/15360
64,16384,1/15360
65,16640,1/15360
66,16896,1/15360
67,17152,1/15360
68,17408,1/15360
69,17664,1/15360
70,17920,1/15360
71,18176,1/15360
72,18432,1/15360
73,18688,1/15360
74,18944,1/15360
75,19200,1/15360
76,19456,1/15360
77,19712,1/15360
78,19968,1/15360
79,20224,1/15360
80,20480,1/15360
81,20736,1/15360
82,20992,1/15360
83,21248,1/15360
84,21504,1/15360
85,21760,1/15360
86,22016,1/15360
87,22272,1/15360
88,22528,1/15360
89,22784,1/15360
90,23040,1/15360
91,23296,1/15360
92,23552,1/15360
93,23808,1/15360
94,24064,1/15360
95,24320,1/15360
96,24576,1/15360
97,24832,1/15360
98,25088,1/15360
99,25344,1/15360
100,25600,1/15360
101,25856,1/15360
102,26112,1/15360
103,26368,1/15360
104,26624,1/15360
105,26880,1/15360
106,27136,1/15360
107,27392,1/15360
108,27648,1/15360
109,27904,1/15360
110,28160,1/15360
111,28416,1/15360
112,28672,1/15360
113,28928,1/15360
114,29184,1/15360
115,29440,1/15360
116,29696,1/15360
117,29952,1/15360
118,30208,1/15360
119,30464,1/15360
120,30720,1/15360
121,30976,1/15360
122,31232,1/15360
123,31488,1/15360
124,31744,1/15360
125,32000,1/15360
126,32256,1/15360
127,32512,1/15360
128,32768,1/15360
129,33024,1/15360
130,33280,1/15360
131,33536,1/15360
132,33792,1/15360
133,34048,1/15360
134,34304,1/15360
135,34560,1/15360
136,34816,1/15360
137,35072,1/15360
138,35328,1/15360
139,35584,1/15360
140,35840,1/15360
141,36096,1/15360
142,36352,1/15360
143,36608,1/15360
144,36864,1/15360
145,37120,1/15360
146,37376,1/15360
147,37632,1/15360
148,37888,1/15360
149,38144,1/15360
150,38400,1/15360
151,38656,1/15360
152,38912,1/15360
153,39168,1/15360
154,39424,1/15360
155,39680,1/15360
156,39936,1/15360
157,40192,1/15360
158,40448,1/15360
159,40704,1/15360
160,40960,1/15360
161,41216,1/15360
162,41472,1/15360
163,41728,1/15360
164,41984,1/15360
165,42240,1/15360
166,42496,1/15360
167,42752,1/15360
168,43008,1/15360
169,43264,1/15360
170,43520,1/15360
171,43776,1/15360
172,44032,1/15360
173,44288,1/15360
174,44544,1/15360
175,44800,1/15360
176,45056,1/15360
177,45312,1/15360
178,45568,1/15360
179,45824,1/15360
180,46080,1/15360
181,46336,1/15360
182,46592,1/15360
183,46848,1/15360
184,47104,1/15360
185,47360,1/15360
186,47616,1/15360
187,47872,1/15360
188,48128,1/15360
189,48384,1/15360
190,48640,1/15360
191,48896,1/15360
192,49152,1/15360
193,49408,1/15360
194,49664,1/15360
195,49920,1/15360
196,50176,1/15360
197,50432,1/15360
198,50688,1/15360
199,50944,1/15360
200,51200,1/15360
201,51456,1/15360
202,51712,1/15360
203,51968,1/15360
204,52224,1/15360
205,52480,1/15360
206,52736,1/15360
207,52992,1/15360
208,53248,1/15360
209,53504,1/15360
210,53760,1/15360
211,54016,1/15360
212,54272,1/15360
213,54528,1/15360
214,54784,1/15360
215,55040,1/15360
216,55296,1/15360
217,55552,1/15360
218,55808,1/15360
219,56064,1/15360
220,56320,1/15360
221,56576,1/15360
222,56832,1/15360
223,57088,1/15360
224,57344,1/15360
225,57600,1/15360
226,57856,1/15360
227,58112,1/15360
228,58368,1/15360
229,58624,1/15360
230,58880,1/15360
231,59136,1/15360
232,59392,1/15360
233,59648,1/15360
234,59904,1/15360
235,60160,1/15360
236,60416,1/15360
237,60672,1/15360
238,60928,1/15360
239,61184,1/15360
240,61440,1/15360
241,61696,1/15360
242,61952,1/15360
243,62208,1/15360
244,62464,1/15360
245,62720,1/15360
246,62976,1/15360
247,63232,1/15360
248,63488,1/15360
249,63744,1/15360
250,64000,1/15360
251,64256,1/15360
252,64512,1/15360
253,64768,1/15360
254,65024,1/15360
255,65280,1/15360
256,65536,1/15360
257,65792,1/15360
258,66048,1/15360
259,66304,1/15360
260,66560,1/15360
261,66816,1/15360
262,67072,1/15360
263,67328,1/15360
264,67584,1/15360
265,67840,1/15360
266,68096,1/15360
267,68352,1/15360
268,68608,1/15360
269,68864,1/15360
270,69120,1/15360
271,69376,1/15360
272,69632,1/15360
273,69888,1/15360
274,70144,1/15360
275,70400,1/15360
276,70656,1/15360
277,70912,1/15360
278,71168,1/15360
279,71424,1/15360
280,71680,1/15360
281,71936,1/15360
282,72192,1/15360
283,72448,1/15360
284,72704,1/15360
285,72960,1/15360
286,73216,1/15360
287,73472,1/15360
288,73728,1/15360
289,73984,1/15360
290,74240,1/15360
291,74496,1/15360
292,74752,1/15360
293,75008,1/15360
294,75264,1/15360
295,75520,1/15360
296,75776,1/15360
297,76032,1/15360
298,76288,1/15360
299,76544,1/15360
300,76800,1/15360
301,77056,1/15360
302,77312,1/15360
303,77568,1/15360
304,77824,1/15360
305,78080,1/15360
306,78336,1/15360
307,78592,1/15360
308,78848,1/15360
309,79104,1/15360
310,79360,1/15360
311,79616,1/15360
312,79872,1/15360
313,80128,1/15360
314,80384,1/15360
315,80640,1/15360
316,80896,1/15360
317,81152,1/15360
318,81408,1/15360
319,81664,1/15360
320,81920,1/15360
321,82176,1/15360
322,82432,1/15360
323,82688,1/15360
324,82944,1/15360
325,83200,1/15360
326,83456,1/15360
327,83712,1/15360
328,83968,1/15360
329,84224,1/15360
330,84480,1/15360
331,84736,1/15360
332,84992,1/15360
333,85248,1/15360
334,85504,1/15360
335,85760,1/15360
336,86016,1/15360
337,86272,1/15360
338,86528,1/15360
339,86784,1/15360
340,87040,1/15360
341,87296,1/15360
342,87552,1/15360
343,87808,1/15360
344,88064,1/15360
345,88320,1/15360
346,88576,1/15360
347,88832,1/15360
348,89088,1/15360
349,89344,1/15360
350,89600,1/15360
351,89856,1/15360
352,90112,1/15360
353,90368,1/15360
354,90624,1/15360
355,90880,1/15360
356,91136,1/15360
357,91392,1/15360
358,91648,1/15360
359,91904,1/15360
360,92160,1/15360
361,92416,1/15360
362,92672,1/15360
363,92928,1/15360
364,93184,1/15360
365,93440,1/15360
366,93696,1/15360
367,93952,1/15360
368,94208,1/15360
369,94464,1/15360
370,94720,1/15360
371,94976,1/15360
372,95232,1/15360
373,95488,1/15360
374,95744,1/15360
375,96000,1/15360
376,96256,1/15360
377,96512,1/15360
378,96768,1/15360
379,97024,1/15360
380,97280,1/15360
381,97536,1/15360
382,97792,1/15360
383,98048,1/15360
384,98304,1/15360
385,98560,1/15360
386,98816,1/15360
387,99072,1/15360
388,99328,1/15360
389,99584,1/15360
390,99840,1/15360
391,100096,1/15360
392,100352,1/15360
393,100608,1/15360
394,100864,1/15360
395,101120,1/15360
396,101376,1/15360
397,101632,1/15360
398,101888,1/15360
399,102144,1/15360
400,102400,1/15360
401,102656,1/15360
402,102912,1/15360
403,103168,1/15360
404,103424,1/15360
405,103680,1/15360
406,103936,1/15360
407,104192,1/15360
408,104448,1/15360
409,104704,1/15360
410,104960,1/15360
411,105216,1/15360
412,105472,1/15360
413,105728,1/15360
414,105984,1/15360
415,106240,1/15360
416,106496,1/15360
417,106752,1/15360
418,107008,1/15360
419,107264,1/15360
420,107520,1/15360
421,107776,1/15360
422,108032,1/15360
423,108288,1/15360
424,108544,1/15360
425,108800,1/15360
426,109056,1/15360
427,109312,1/15360
428,109568,1/15360
429,109824,1/15360
430,110080,1/15360
431,110336,1/15360
432,110592,1/15360
433,110848,1/15360
434,111104,1/15360
435,111360,1/15360
436,111616,1/15360
437,111872,1/15360
438,112128,1/15360
439,112384,1/15360
440,112640,1/15360
441,112896,1/15360
442,113152,1/15360
443,113408,1/15360
444,113664,1/15360
445,113920,1/15360
446,114176,1/15360
447,114432,1/15360
448,114688,1/15360
449,114944,1/15360
450,115200,1/15360
451,115456,1/15360
452,115712,1/15360
453,115968,1/15360
454,116224,1/15360
455,116480,1/15360
456,116736,1/15360
457,116992,1/15360
458,117248,1/15360
459,117504,1/15360
460,117760,1/15360
461,118016,1/15360
462,118272,1/15360
463,118528,1/15360
464,118784,1/15360
465,119040,1/15360
466,119296,1/15360
467,119552,1/15360
468,119808,1/15360
469,120064,1/15360
470,120320,1/15360
471,120576,1/15360
472,120832,1/15360
473,121088,1/15360
474,121344,1/15360
475,121600,1/15360
476,121856,1/15360
477,122112,1/15360
478,122368,1/15360
479,122624,1/15360
480,122880,1/15360
481,123136,1/15360
482,123392,1/15360
483,123648,1/15360
484,123904,1/15360
485,124160,1/15360
486,124416,1/15360
487,124672,1/15360
488,124928,1/15360
489,125184,1/15360
490,125440,1/15360
491,125696,1/15360
492,125952,1/15360
493,126208,1/15360
494,126464,1/15360
495,126720,1/15360
496,126976,1/15360
497,127232,1/15360
498,127488,1/15360
499,127744,1/15360
500,128000,1/15360
501,128256,1/15360
502,128512,1/15360
503,128768,1/15360
504,129024,1/15360
505,129280,1/15360
506,129536,1/15360
507,129792,1/15360
508,130048,1/15360
509,130304,1/15360
510,130560,1/15360
511,130816,1/15360
512,131072,1/15360
513,131328,1/15360
514,131584,1/15360
515,131840,1/15360
516,132096,1/15360
517,132352,1/15360
518,132608,1/15360
519,132864,1/15360
520,133120,1/15360
521,133376,1/15360
522,133632,1/15360
523,133888,1/15360
524,134144,1/15360
525,134400,1/15360
526,134656,1/15360
527,134912,1/15360
528,135168,1/15360
529,135424,1/15360
530,135680,1/15360
531,135936,1/15360
532,136192,1/15360
533,136448,1/15360
534,136704,1/15360
535,136960,1/15360
536,137216,1/15360
537,137472,1/15360
538,137728,1/15360
539,137984,1/15360
540,138240,1/15360
541,138496,1/15360
542,138752,1/15360
543,139008,1/15360
544,139264,1/15360
545,139520,1/15360
546,139776,1/15360
547,140032,1/15360
548,140288,1/15360
549,140544,1/15360
550,140800,1/15360
551,141056,1/15360
552,141312,1/15360
553,141568,1/15360
554,141824,1/15360
555,142080,1/15360
556,142336,1/15360
557,142592,1/15360
558,142848,1/15360
559,143104,1/15360
560,143360,1/15360
561,143616,1/15360
562,143872,1/15360
563,144128,1/15360
564,144384,1/15360
565,144640,1/15360
566,144896,1/15360
567,145152,1/15360
568,145408,1/15360
569,145664,1/15360
570,145920,1/15360
571,146176,1/15360
572,146432,1/15360
573,146688,1/15360
574,146944,1/15360
575,147200,1/15360
576,147456,1/15360
577,147712,1/15360
578,147968,1/15360
579,148224,1/15360
580,148480,1/15360
581,148736,1/15360
582,148992,1/15360
583,149248,1/15360
584,149504,1/15360
585,149760,1/15360
586,150016,1/15360
587,150272,1/15360
588,150528,1/15360
589,150784,1/15360
590,151040,1/15360
591,151296,1/15360
592,151552,1/15360
593,151808,1/15360
594,152064,1/15360
595,152320,1/15360
596,152576,1/15360
597,152832,1/15360
598,153088,1/15360
599,153344,1/15360
600,153600,1/15360
601,153856,1/15360
602,154112,1/15360
603,154368,1/15360
604,154624,1/15360
605,154880,1/15360
606,155136,1/15360
607,155392,1/15360
608,155648,1/15360
609,155904,1/15360
610,156160,1/15360
611,156416,1/15360
612,156672,1/15360
613,156928,1/15360
614,157184,1/15360
615,157440,1/15360
616,157696,1/15360
617,157952,1/15360
618,158208,1/15360
619,158464,1/15360
620,158720,1/15360
621,158976,1/15360
622,159232,1/15360
623,159488,1/15360
624,159744,1/15360
625,160000,1/15360
626,160256,1/15360
627,160512,1/15360
628,160768,1/15360
629,161024,1/15360
630,161280,1/15360
631,161536,1/15360
632,161792,1/15360
633,162048,1/15360
634,162304,1/15360
635,162560,1/15360
636,162816,1/15360
637,163072,1/15360
638,163328,1/15360
639,163584,1/15360
640,163840,1/15360
641,164096,1/15360
642,164352,1/15360
643,164608,1/15360
644,164864,1/15360
645,165120,1/15360
646,165376,1/15360
647,165632,1/15360
648,165888,1/15360
649,166144,1/15360
650,166400,1/15360
651,166656,1/15360
652,166912,1/15360
653,167168,1/15360
654,167424,1/15360
655,167680,1/15360
656,167936,1/15360
657,168192,1/15360
658,168448,1/15360
659,168704,1/15360
660,168960,1/15360
661,169216,1/15360
662,169472,1/15360
663,169728,1/15360
664,169984,1/15360
665,170240,1/15360
666,170496,1/15360
667,170752,1/15360
668,171008,1/15360
669,171264,1/15360
670,171520,1/15360
671,171776,1/15360
672,172032,1/15360
673,172288,1/15360
674,172544,1/15360
675,172800,1/15360
676,173056,1/15360
677,173312,1/15360
678,173568,1/15360
679,173824,1/15360
680,174080,1/15360
681,174336,1/15360
682,174592,1/15360
683,174848,1/15360
684,175104,1/15360
685,175360,1/15360
686,175616,1/15360
687,175872,1/15360
688,176128,1/15360
689,176384,1/15360
690,176640,1/15360
691,176896,1/15360
692,177152,1/15360
693,177408,1/15360
694,177664,1/15360
695,177920,1/15360
696,178176,1/15360
697,178432,1/15360
698,178688,1/15360
699,178944,1/15360
700,179200,1/15360
701,179456,1/15360
702,179712,1/15360
703,179968,1/15360
704,180224,1/15360
705,180480,1/15360
706,180736,1/15360
707,180992,1/15360
708,181248,1/15360
709,181504,1/15360
710,181760,1/15360
711,182016,1/15360
712,182272,1/15360
713,182528,1/15360
714,182784,1/15360
715,183040,1/15360
716,183296,1/15360
717,183552,1/15360
718,183808,1/15360
719,184064,1/15360
720,184320,1/15360
721,184576,1/15360
722,184832,1/15360
723,185088,1/15360
724,185344,1/15360
725,185600,1/15360
726,185856,1/15360
727,186112,1/15360
728,186368,1/15360
729,186624,1/15360
730,186880,1/15360
731,187136,1/15360
732,187392,1/15360
733,187648,1/15360
734,187904,1/15360
735,188160,1/15360
736,188416,1/15360
737,188672,1/15360
738,188928,1/15360
739,189184,1/15360
740,189440,1/15360
741,189696,1/15360
742,189952,1/15360
743,190208,1/15360
744,190464,1/15360
745,190720,1/15360
746,190976,1/15360
747,191232,1/15360
748,191488,1/15360
749,191744,1/15360
750,192000,1/15360
751,192256,1/15360
752,192512,1/15360
753,192768,1/15360
754,193024,1/15360
755,193280,1/15360
756,193536,1/15360
757,193792,1/15360
758,194048,1/15360
759,194304,1/15360
760,194560,1/15360
761,194816,1/15360
762,195072,1/15360
763,195328,1/15360
764,195584,1/15360
765,195840,1/15360
766,196096,1/15360
767,196352,1/15360
768,196608,1/15360
769,196864,1/15360
770,197120,1/15360
771,197376,1/15360
772,197632,1/15360
773,197888,1/15360
774,198144,1/15360
775,198400,1/15360
776,198656,1/15360
777,198912,1/15360
778,199168,1/15360
779,199424,1/15360
780,199680,1/15360
781,199936,1/15360
782,200192,1/15360
783,200448,1/15360
784,200704,1/15360
785,200960,1/15360
786,201216,1/15360
787,201472,1/15360
788,201728,1/15360
789,201984,1/15360
790,202240,1/15360
791,202496,1/15360
792,202752,1/15360
793,203008,1/15360
794,203264,1/15360
795,203520,1/15360
796,203776,1/15360
797,204032,1/15360
798,204288,1/15360
799,204544,1/15360
800,204800,1/15360
801,205056,1/15360
802,205312,1/15360
803,205568,1/15360
804,205824,1/15360
805,206080,1/15360
806,206336,1/15360
807,206592,1/15360
808,206848,1/15360
809,207104,1/15360
810,207360,1/15360
811,207616,1/15360
812,207872,1/15360
813,208128,1/15360
814,208384,1/15360
815,208640,1/15360
816,208896,1/15360
817,209152,1/15360
818,209408,1/15360
819,209664,1/15360
820,209920,1/15360
821,210176,1/15360
822,210432,1/15360
823,210688,1/15360
824,210944,1/15360
825,211200,1/15360
826,211456,1/15360
827,211712,1/15360
828,211968,1/15360
829,212224,1/15360
830,212480,1/15360
831,212736,1/15360
832,212992,1/15360
833,213248,1/15360
834,213504,1/15360
835,213760,1/15360
836,214016,1/15360
837,214272,1/15360
838,214528,1/15360
839,214784,1/15360
840,215040,1/15360
841,215296,1/15360
842,215552,1/15360
843,215808,1/15360
844,216064,1/15360
845,216320,1/15360
846,216576,1/15360
847,216832,1/15360
848,217088,1/15360
849,217344,1/15360
850,217600,1/15360
851,217856,1/15360
852,218112,1/15360
853,218368,1/15360
854,218624,1/15360
855,218880,1/15360
856,219136,1/15360
857,219392,1/15360
858,219648,1/15360
859,219904,1/15360
860,220160,1/15360
861,220416,1/15360
862,220672,1/15360
863,220928,1/15360
864,221184,1/15360
865,221440,1/15360
866,221696,1/15360
867,221952,1/15360
868,222208,1/15360
869,222464,1/15360
870,222720,1/15360
871,222976,1/15360
872,223232,1/15360
873,223488,1/15360
874,223744,1/15360
875,224000,1/15360
876,224256,1/15360
877,224512,1/15360
878,224768,1/15360
879,225024,1/15360
880,225280,1/15360
881,225536,1/15360
882,225792,1/15360
883,226048,1/15360
884,226304,1/15360
885,226560,1/15360
886,226816,1/15360
887,227072,1/15360
888,227328,1/15360
889,227584,1/15360
890,227840,1/15360
891,228096,1/15360
