action,frame,time_s,muzzle_tip_x,muzzle_tip_y,muzzle_tip_depth,muzzle_tip_in_frame,receiver_center_x,receiver_center_y,receiver_center_depth,receiver_center_in_frame,support_wrist_x,support_wrist_y,support_wrist_depth,support_wrist_in_frame,firing_wrist_x,firing_wrist_y,firing_wrist_depth,firing_wrist_in_frame,support_cuff_surface_x,support_cuff_surface_y,support_cuff_surface_depth,support_cuff_surface_in_frame
hip_strafe_left_r1,1,0.0,721.1744689941406,438.0337643623352,0.7057896256446838,True,930.6227874755859,606.4766085147858,0.2746869623661041,True,655.5174255371094,572.6229250431061,0.45301514863967896,True,1384.6023559570312,1325.0681161880493,0.14817816019058228,False,657.1617889404297,510.09907722473145,0.4506327509880066,True
hip_strafe_left_r1,2,0.016666666666666666,721.6401672363281,437.269549369812,0.7056540250778198,True,930.0577545166016,606.1514389514923,0.27453017234802246,True,655.3414154052734,571.5663063526154,0.4530152976512909,True,1381.4512634277344,1326.227560043335,0.14806444942951202,False,657.1566009521484,509.05807971954346,0.4505959749221802,True
hip_strafe_left_r1,3,0.03333333333333333,723.3135986328125,437.52103328704834,0.705590009689331,True,929.5346832275391,603.1627821922302,0.27431920170783997,True,655.687255859375,569.7137689590454,0.453014999628067,True,1377.5325012207031,1323.5037660598755,0.1474127322435379,False,657.8839874267578,507.1563506126404,0.45070862770080566,True
hip_strafe_left_r1,4,0.05,724.5441436767578,437.0978021621704,0.7081689238548279,True,929.3815612792969,599.7510766983032,0.2768610417842865,True,656.844482421875,566.7912662029266,0.4555898606777191,True,1365.3411865234375,1306.7329216003418,0.1498202234506607,False,659.5826721191406,504.5780825614929,0.45332252979278564,True
hip_strafe_left_r1,5,0.06666666666666667,725.3928375244141,437.04134702682495,0.7119138240814209,True,928.7094116210938,596.8524670600891,0.2805972099304199,True,657.6750183105469,563.471839427948,0.4592476487159729,True,1347.2189331054688,1286.6085004806519,0.15345081686973572,False,661.2917327880859,501.76470279693604,0.4570261836051941,True
hip_strafe_left_r1,6,0.08333333333333333,725.9616851806641,436.84460163116455,0.717017412185669,True,926.6594696044922,592.9692184925079,0.28569766879081726,True,658.3638000488281,559.5751905441284,0.46425336599349976,True,1323.8436889648438,1259.646463394165,0.15845273435115814,False,662.8569030761719,498.55740308761597,0.46207788586616516,True
hip_strafe_left_r1,7,0.1,727.0370483398438,436.70411825180054,0.7219396233558655,True,923.5684967041016,588.2698380947113,0.2905516028404236,True,658.6315155029297,554.817305803299,0.46915432810783386,True,1297.9690551757812,1234.3131065368652,0.16302980482578278,False,664.2247772216797,494.47731256484985,0.46706250309944153,True
hip_strafe_left_r1,8,0.11666666666666667,728.0274200439453,436.70437574386597,0.7261770367622375,True,921.1806488037109,584.8644196987152,0.2947348356246948,True,659.0407562255859,551.0977149009705,0.47339072823524475,True,1277.2191619873047,1214.3399620056152,0.16699768602848053,False,665.5375671386719,491.3532257080078,0.4713616967201233,True
hip_strafe_left_r1,9,0.13333333333333333,729.056396484375,436.9333076477051,0.7297402620315552,True,918.3146667480469,582.6422846317291,0.2982267737388611,True,658.8373565673828,547.4748229980469,0.4770149886608124,True,1255.7577514648438,1200.1387166976929,0.1702529788017273,False,666.4417266845703,488.2836627960205,0.47504425048828125,True
hip_strafe_left_r1,10,0.15,730.5326080322266,436.9243597984314,0.7295204997062683,True,915.6062316894531,579.7235691547394,0.2978600561618805,True,657.7378082275391,544.0318322181702,0.4770152270793915,True,1242.9000854492188,1198.4551906585693,0.16943727433681488,False,666.2805938720703,484.91933584213257,0.47513896226882935,True
hip_strafe_left_r1,11,0.16666666666666666,731.8367004394531,436.27970695495605,0.729263424873352,True,913.3552551269531,577.0036590099335,0.29750144481658936,True,656.9631958007812,540.8512151241302,0.4770151674747467,True,1232.3767852783203,1196.6010761260986,0.16881965100765228,False,666.1945343017578,481.81636333465576,0.4751726984977722,True
hip_strafe_left_r1,12,0.18333333333333332,732.5712585449219,435.5501675605774,0.7290500402450562,True,911.6384124755859,575.2889120578766,0.29723507165908813,True,656.5487670898438,539.2775416374207,0.47701528668403625,True,1226.9536590576172,1195.1778316497803,0.16846966743469238,False,665.9390258789062,480.264995098114,0.47516217827796936,True
hip_strafe_left_r1,13,0.2,732.7524566650391,434.8105001449585,0.728827953338623,True,909.0508270263672,574.4710958003998,0.2969791889190674,True,655.6006622314453,538.3726930618286,0.4770154356956482,True,1220.9822845458984,1195.1263761520386,0.16822190582752228,False,665.0041961669922,479.37257051467896,0.4751231074333191,True
hip_strafe_left_r1,14,0.21666666666666667,732.4456024169922,434.28163290023804,0.7286620140075684,True,906.5821075439453,575.2830648422241,0.2968105673789978,True,654.2784881591797,537.8400921821594,0.4770154058933258,True,1214.2141723632812,1197.9170322418213,0.1681722104549408,False,663.8587188720703,478.88803482055664,0.47505983710289,True
hip_strafe_left_r1,15,0.23333333333333334,732.21923828125,433.5261082649231,0.7284467816352844,True,904.3650054931641,577.3317682743073,0.2966148853302002,True,653.0117797851562,537.3887515068054,0.47701510787010193,True,1206.834945678711,1203.3380126953125,0.1682358980178833,False,662.8605651855469,478.5176110267639,0.47494643926620483,True
hip_strafe_left_r1,16,0.25,732.1952056884766,432.70803451538086,0.7282503247261047,True,902.8842926025391,578.8792312145233,0.29644203186035156,True,652.252197265625,536.9916343688965,0.4770151376724243,True,1201.7518615722656,1207.5160789489746,0.16830720007419586,False,662.2565460205078,478.18169116973877,0.47484177350997925,True
hip_strafe_left_r1,17,0.26666666666666666,732.1809387207031,432.4529027938843,0.7281802296638489,True,902.3675537109375,579.3854069709778,0.29637986421585083,True,652.0600128173828,537.0713710784912,0.47701510787010193,True,1200.6654357910156,1208.766417503357,0.16832537949085236,False,662.0294952392578,478.2681655883789,0.47480660676956177,True
hip_strafe_left_r1,18,0.2833333333333333,732.2300720214844,432.6275038719177,0.7282049059867859,True,902.4870300292969,579.0491437911987,0.2963951826095581,True,652.1436309814453,537.0732808113098,0.47701480984687805,True,1201.0722351074219,1208.0214071273804,0.1682802140712738,False,662.1098327636719,478.2617926597595,0.47482821345329285,True
hip_strafe_left_r1,19,0.3,732.0641326904297,432.3549485206604,0.7282102704048157,True,902.6216888427734,579.381490945816,0.29641950130462646,True,652.0518493652344,536.9085502624512,0.47701534628868103,True,1200.8979797363281,1208.665223121643,0.16839344799518585,False,662.0702362060547,478.114013671875,0.4748029410839081,True
hip_strafe_left_r1,20,0.31666666666666665,731.8862915039062,431.5277338027954,0.7271139025688171,True,902.6954650878906,581.010332107544,0.2953632175922394,True,651.6388702392578,537.1912336349487,0.4760328233242035,True,1202.677993774414,1215.7504606246948,0.16758941113948822,False,661.5908050537109,478.29522371292114,0.4737272262573242,True
hip_strafe_left_r1,21,0.3333333333333333,732.220458984375,430.6268548965454,0.7242226600646973,True,905.8727264404297,586.131591796875,0.29256513714790344,True,652.6169586181641,540.3817534446716,0.47335073351860046,True,1217.908706665039,1234.9116897583008,0.16530203819274902,False,661.8508148193359,481.1101269721985,0.4708617031574249,True
hip_strafe_left_r1,22,0.35,732.6957702636719,430.62636137008667,0.7219404578208923,True,911.0481262207031,591.7309498786926,0.290383905172348,True,654.8242950439453,544.7763061523438,0.4711359739303589,True,1238.432388305664,1252.0191621780396,0.16355575621128082,False,663.1504821777344,485.1625370979309,0.46850958466529846,True
hip_strafe_left_r1,23,0.36666666666666664,733.1999206542969,431.442289352417,0.7201791405677795,True,915.9147644042969,595.3893113136292,0.28866463899612427,True,656.8982696533203,548.3922564983368,0.469304621219635,True,1256.7902374267578,1264.0212965011597,0.16196513175964355,False,664.5619964599609,488.4834337234497,0.46665212512016296,True
hip_strafe_left_r1,24,0.38333333333333336,732.4385070800781,432.5113534927368,0.7194996476173401,True,920.3876495361328,595.8674311637878,0.2880238890647888,True,658.128662109375,550.3147351741791,0.4682127833366394,True,1272.2554779052734,1265.9046363830566,0.1612640619277954,False,665.4647064208984,490.1997470855713,0.46564391255378723,True
hip_strafe_left_r1,25,0.4,731.5644836425781,433.5805678367615,0.7184243202209473,True,925.9018707275391,596.1208248138428,0.2870100438594818,True,659.5993804931641,552.3929643630981,0.46666374802589417,True,1291.6545104980469,1268.5602807998657,0.1601935476064682,False,666.5377807617188,492.0008397102356,0.4641897678375244,True
hip_strafe_left_r1,26,0.4166666666666667,730.6326293945312,434.31201696395874,0.7163364291191101,True,931.4429473876953,595.7833385467529,0.2849855422973633,True,660.4681396484375,553.6902737617493,0.4641180634498596,True,1312.2280883789062,1274.8347616195679,0.15807746350765228,False,667.1902465820312,492.90156841278076,0.4617489278316498,True
hip_strafe_left_r1,27,0.43333333333333335,730.0688934326172,434.4806098937988,0.7158252596855164,True,934.2843627929688,595.1356387138367,0.2845291793346405,True,661.3001251220703,554.5097422599792,0.4633733928203583,True,1323.12255859375,1274.207468032837,0.15763461589813232,False,667.6985168457031,493.5766911506653,0.46104156970977783,True
hip_strafe_left_r1,28,0.45,728.9993286132812,434.7340250015259,0.7159417271614075,True,937.8578186035156,593.813556432724,0.2847501039505005,True,662.0016479492188,554.3780887126923,0.4630807638168335,True,1332.3326110839844,1269.8312616348267,0.15787169337272644,False,668.4307098388672,493.38001012802124,0.4608183801174164,True
hip_strafe_left_r1,29,0.4666666666666667,728.0148315429688,435.12792348861694,0.7166568636894226,True,940.8407592773438,592.1813464164734,0.28557032346725464,True,662.4847412109375,553.4717059135437,0.46337464451789856,True,1336.6763305664062,1263.0811071395874,0.15865246951580048,False,669.2461395263672,492.50762701034546,0.4612022638320923,True
hip_strafe_left_r1,30,0.48333333333333334,727.0296478271484,435.71882486343384,0.7168617248535156,True,943.0918121337891,589.9583745002747,0.28584855794906616,True,662.3617553710938,552.1831727027893,0.4631635546684265,True,1340.1118469238281,1257.8988218307495,0.1587442010641098,False,669.5844268798828,491.1849546432495,0.4611242115497589,True
hip_strafe_left_r1,31,0.5,726.0440826416016,436.4502954483032,0.7166134715080261,True,943.8229370117188,586.8346309661865,0.2856205999851227,True,661.4787292480469,550.620721578598,0.46255314350128174,True,1341.7491149902344,1253.3137464523315,0.15816336870193481,False,669.1632843017578,489.52507495880127,0.4606858789920807,True
hip_strafe_left_r1,32,0.5166666666666667,725.0584411621094,437.26622343063354,0.7162097692489624,True,944.5539093017578,583.4859895706177,0.28523972630500793,True,660.5474853515625,549.0515756607056,0.4617875814437866,True,1343.9767456054688,1248.8579750061035,0.15738748013973236,False,668.6865997314453,487.83661365509033,0.46010690927505493,True
hip_strafe_left_r1,33,0.5333333333333333,724.1582489013672,437.4350953102112,0.7165729403495789,True,944.8919677734375,581.3473677635193,0.2856607735157013,True,660.1074981689453,548.0298364162445,0.4619159400463104,True,1344.2362976074219,1242.969045639038,0.15768374502658844,False,668.4331512451172,486.8237042427063,0.46031996607780457,True
hip_strafe_left_r1,34,0.55,722.8373718261719,437.7730107307434,0.7184186577796936,True,944.5553588867188,579.6029233932495,0.28761741518974304,True,660.3133392333984,548.4691607952118,0.46351125836372375,True,1343.6895751953125,1230.132851600647,0.15966811776161194,False,668.2609558105469,487.4143695831299,0.4619605243206024,True
hip_strafe_left_r1,35,0.5666666666666667,721.3751220703125,437.91364431381226,0.7194734215736389,True,943.8245391845703,577.7453541755676,0.2887701988220215,True,660.00732421875,548.8994193077087,0.46435457468032837,True,1344.5661926269531,1220.4586601257324,0.1608416736125946,False,667.5277709960938,487.89236068725586,0.4628436267375946,True
hip_strafe_left_r1,36,0.5833333333333334,720.0529479980469,437.8575325012207,0.7200116515159607,True,942.7556610107422,576.0853457450867,0.28938066959381104,True,659.3936920166016,549.1523194313049,0.4647473096847534,True,1345.1985168457031,1213.66219997406,0.16147395968437195,False,666.5419769287109,488.14605474472046,0.4632621109485626,True
hip_strafe_left_r1,37,0.6,719.1514587402344,437.09773778915405,0.7190420031547546,True,941.7699432373047,575.185239315033,0.2884306013584137,True,658.5662078857422,549.5709908008575,0.4638063311576843,True,1349.3437194824219,1214.594750404358,0.16063839197158813,False,665.2213287353516,488.39927673339844,0.4622822701931,True
hip_strafe_left_r1,38,0.6166666666666667,718.0808258056641,436.78810358047485,0.7179654240608215,True,940.7839965820312,574.3689465522766,0.2873769998550415,True,657.5580596923828,550.2391934394836,0.46270400285720825,True,1354.0177917480469,1215.9906148910522,0.15962259471416473,False,663.7604522705078,488.8774824142456,0.461174875497818,True
hip_strafe_left_r1,39,0.6333333333333333,717.4327087402344,436.28150939941406,0.7169418334960938,True,939.8829650878906,574.2000210285187,0.2863551676273346,True,656.7136383056641,550.6401515007019,0.46172723174095154,True,1357.0124816894531,1219.1045951843262,0.15868127346038818,False,662.6089477539062,489.1307258605957,0.4601649045944214,True
hip_strafe_left_r1,40,0.65,716.8399047851562,435.21210193634033,0.7152127623558044,True,938.5590362548828,575.6070756912231,0.28461316227912903,True,655.3308868408203,550.9969067573547,0.46017804741859436,True,1359.0823364257812,1228.8787364959717,0.15717007219791412,False,661.0362243652344,489.2995548248291,0.45851099491119385,True
hip_strafe_left_r1,41,0.6666666666666666,716.4430236816406,433.9175820350647,0.7124482989311218,True,937.0935821533203,577.8863847255707,0.28180408477783203,True,653.7981414794922,552.0425498485565,0.4577127695083618,True,1364.5291137695312,1244.714241027832,0.15463855862617493,False,659.0995788574219,490.03121852874756,0.45590314269065857,True
hip_strafe_left_r1,42,0.6833333333333333,716.0187530517578,433.2422661781311,0.7102859616279602,True,935.7694244384766,579.8564887046814,0.2796083986759186,True,652.4076080322266,553.0269849300385,0.455753892660141,True,1368.5369873046875,1257.781491279602,0.15260402858257294,False,657.4432373046875,490.7622814178467,0.4538561999797821,True
hip_strafe_left_r1,43,0.7,716.439208984375,433.66440296173096,0.7085214257240295,True,934.8680877685547,583.3459889888763,0.2777632474899292,True,651.9949340820312,555.4832875728607,0.4542331099510193,True,1373.1596374511719,1272.1150875091553,0.15080806612968445,False,656.6305541992188,493.0134916305542,0.4522706866264343,True
hip_strafe_left_r1,44,0.7166666666666667,716.7125701904297,434.39295530319214,0.7070505619049072,True,933.7124633789062,587.8809928894043,0.2762294411659241,True,651.6822814941406,558.7889063358307,0.4530150592327118,True,1377.5117492675781,1286.7724800109863,0.1493731290102005,False,655.77880859375,496.15933656692505,0.4509733319282532,True
hip_strafe_left_r1,45,0.7333333333333333,716.9365692138672,435.45637607574463,0.7068935632705688,True,932.8642272949219,592.535537481308,0.27605095505714417,True,651.6771697998047,561.5630185604095,0.45301520824432373,True,1376.7289733886719,1296.053695678711,0.14930294454097748,False,655.5555725097656,498.9580178260803,0.45091167092323303,True
hip_strafe_left_r1,46,0.75,717.6995086669922,436.4408755302429,0.7066919803619385,True,932.1177673339844,596.0645735263824,0.275785356760025,True,652.2268676757812,564.2658591270447,0.45301514863967896,True,1377.537841796875,1303.2864332199097,0.14905185997486115,False,655.6983947753906,501.6688299179077,0.45086753368377686,True
hip_strafe_left_r1,47,0.7666666666666667,718.9569854736328,437.43249893188477,0.7064147591590881,True,931.5239715576172,599.5174670219421,0.27541661262512207,True,653.4373474121094,567.5456535816193,0.4530153274536133,True,1380.6050109863281,1310.2403926849365,0.14867347478866577,False,656.2120819091797,504.952712059021,0.45081624388694763,True
hip_strafe_left_r1,48,0.7833333333333333,720.2229309082031,438.68635654449463,0.7061834335327148,True,931.1197662353516,602.3535919189453,0.2750891149044037,True,654.9163818359375,571.0777795314789,0.4530152976512909,True,1385.4464721679688,1315.299596786499,0.1482558399438858,False,656.8585205078125,508.48018169403076,0.450797438621521,True
hip_strafe_left_r1,49,0.8,720.7349395751953,438.7431764602661,0.70600825548172,True,931.1521148681641,604.8705983161926,0.2749069929122925,True,655.4745483398438,572.5053906440735,0.45301538705825806,True,1386.5309143066406,1320.5368566513062,0.14821290969848633,False,657.1612548828125,509.94014024734497,0.4507254660129547,True
hip_strafe_left_r1,50,0.8166666666666667,721.1744689941406,438.0337643623352,0.7057896256446838,True,930.6227874755859,606.4766085147858,0.2746869623661041,True,655.5174255371094,572.6229250431061,0.45301514863967896,True,1384.6023559570312,1325.0681161880493,0.14817816019058228,False,657.1617889404297,510.09907722473145,0.4506327509880066,True
hip_strafe_right_r1,1,0.0,731.1626434326172,437.5847840309143,0.7285435795783997,True,903.9617919921875,581.7227160930634,0.29668065905570984,True,655.9764099121094,550.8841037750244,0.4770154058933258,True,1237.1087646484375,1202.7403736114502,0.16806893050670624,False,661.8478393554688,491.5205955505371,0.4750327169895172,True
hip_strafe_right_r1,2,0.016666666666666666,734.0520477294922,437.8600859642029,0.7280951142311096,True,903.5890197753906,582.6868736743927,0.2961464524269104,True,656.9519805908203,550.0327277183533,0.4770151674747467,True,1230.2629852294922,1208.3281660079956,0.16734567284584045,False,663.3292388916016,490.72078227996826,0.4750193953514099,True
hip_strafe_right_r1,3,0.03333333333333333,733.4349822998047,437.23257780075073,0.728157103061676,True,905.1953125,584.5922291278839,0.29627686738967896,True,657.4025726318359,550.8599424362183,0.4770154654979706,True,1234.883041381836,1210.8993101119995,0.16782692074775696,False,663.5781860351562,491.56694412231445,0.4749223589897156,True
hip_strafe_right_r1,4,0.05,733.4450531005859,436.33521795272827,0.7281674146652222,True,907.7812194824219,586.0537111759186,0.2963578999042511,True,658.6305999755859,551.4292466640472,0.4770151376724243,True,1241.2541198730469,1212.8450918197632,0.16826584935188293,False,664.566650390625,492.15449810028076,0.47481581568717957,True
hip_strafe_right_r1,5,0.06666666666666667,733.8243865966797,434.8450255393982,0.7274878025054932,True,911.4064788818359,588.026647567749,0.29577353596687317,True,660.5460357666016,552.5293922424316,0.47643008828163147,True,1252.3983001708984,1217.7147388458252,0.16817593574523926,False,665.9396362304688,493.1980490684509,0.4740685820579529,True
hip_strafe_right_r1,6,0.08333333333333333,734.4797515869141,433.9561414718628,0.7237746715545654,True,914.1965484619141,590.263706445694,0.292081356048584,True,660.7936859130859,553.3891904354095,0.47288990020751953,True,1265.2651977539062,1235.7995223999023,0.16466069221496582,False,666.0246276855469,493.62977743148804,0.4704490900039673,True
hip_strafe_right_r1,7,0.1,735.0093841552734,433.4989643096924,0.7211763262748718,True,917.1407318115234,592.5931620597839,0.2895126938819885,True,661.5005493164062,554.6883237361908,0.4703889489173889,True,1277.4864196777344,1249.801983833313,0.16226282715797424,False,666.4874267578125,494.62037086486816,0.46788281202316284,True
hip_strafe_right_r1,8,0.11666666666666667,735.3627014160156,433.14323902130127,0.7194522023200989,True,921.1719512939453,594.792069196701,0.28784558176994324,True,663.099365234375,556.5867590904236,0.46866798400878906,True,1292.601318359375,1259.3075609207153,0.1608298420906067,False,667.5838470458984,496.29587173461914,0.46609294414520264,True
hip_strafe_right_r1,9,0.13333333333333333,735.7420349121094,432.68625497817993,0.7182238101959229,True,925.2316284179688,596.3457012176514,0.2866779565811157,True,665.2936553955078,558.9144122600555,0.4674544632434845,True,1309.3267822265625,1264.785361289978,0.15990637242794037,False,668.9324951171875,498.45494270324707,0.4648062288761139,True
hip_strafe_right_r1,10,0.15,735.3590393066406,433.2955241203308,0.7167718410491943,True,928.8080596923828,597.3973095417023,0.2852545380592346,True,666.4994049072266,561.3191199302673,0.46580153703689575,True,1325.8183288574219,1270.4594564437866,0.15850016474723816,False,669.5203399658203,500.6131339073181,0.4631800651550293,True
hip_strafe_right_r1,11,0.16666666666666666,735.0763702392578,434.4637441635132,0.7143194675445557,True,932.845458984375,598.0574011802673,0.28279221057891846,True,667.2910308837891,563.5562002658844,0.4630667567253113,True,1345.0424194335938,1280.3641033172607,0.15585725009441376,False,669.9076080322266,502.44126319885254,0.46054279804229736,True
hip_strafe_right_r1,12,0.18333333333333332,734.2331695556641,435.42858839035034,0.7104765176773071,True,936.6495513916016,597.3287737369537,0.2789262533187866,True,666.7176818847656,564.6417760848999,0.45884960889816284,True,1366.6650390625,1295.0345849990845,0.15168185532093048,False,669.2307281494141,502.8973889350891,0.45647668838500977,True
hip_strafe_right_r1,13,0.2,733.214111328125,435.8857226371765,0.7079542279243469,True,939.1549682617188,595.8673346042633,0.27640751004219055,True,665.7998657226562,564.4939434528351,0.4559920132160187,True,1380.4991149902344,1303.5214805603027,0.14894737303256989,False,668.4494018554688,502.3133969306946,0.4537380635738373,True
hip_strafe_right_r1,14,0.21666666666666667,732.0185089111328,436.2412118911743,0.7063798904418945,True,940.9397888183594,594.757479429245,0.2748631238937378,True,664.9756622314453,564.4811761379242,0.454115629196167,True,1390.6658935546875,1308.1171560287476,0.14728975296020508,False,667.6914215087891,502.00841903686523,0.4519466161727905,True
hip_strafe_right_r1,15,0.23333333333333334,730.9009552001953,436.5459966659546,0.7062145471572876,True,940.7894134521484,593.2483506202698,0.2747194766998291,True,663.5747528076172,563.1352865695953,0.4536954164505005,True,1388.9767456054688,1306.748456954956,0.14701616764068604,False,666.8031311035156,500.5867409706116,0.45160889625549316,True
hip_strafe_right_r1,16,0.25,729.6572875976562,436.46947860717773,0.7068890929222107,True,939.3528747558594,591.0014641284943,0.275419682264328,True,661.7719268798828,560.7370591163635,0.4541463553905487,True,1380.4194641113281,1300.5797624588013,0.14761340618133545,False,665.7106018066406,498.2509446144104,0.4521297216415405,True
hip_strafe_right_r1,17,0.26666666666666666,728.2371520996094,436.3931965827942,0.7088154554367065,True,937.6584625244141,588.6084938049316,0.27740100026130676,True,660.0844573974609,557.7176749706268,0.45579567551612854,True,1366.396484375,1288.5321807861328,0.14954142272472382,False,664.9451446533203,495.4832053184509,0.4538448452949524,True
hip_strafe_right_r1,18,0.2833333333333333,726.6912841796875,436.69761657714844,0.711866557598114,True,935.5615997314453,585.4519844055176,0.28051602840423584,True,658.2135009765625,553.5882532596588,0.45846372842788696,True,1346.2408447265625,1271.0038375854492,0.1524949073791504,False,664.4320678710938,491.7760491371155,0.45663121342658997,True
hip_strafe_right_r1,19,0.3,725.1438903808594,437.0531702041626,0.7135232090950012,True,933.4395599365234,582.249641418457,0.28221169114112854,True,655.7091522216797,549.2840051651001,0.4597627520561218,True,1329.429931640625,1260.2415704727173,0.1539074331521988,False,663.3882141113281,487.73908853530884,0.4580816328525543,True
hip_strafe_right_r1,20,0.31666666666666665,723.8004302978516,437.66276121139526,0.7158942222595215,True,931.1064147949219,578.8504028320312,0.28461867570877075,True,653.9425659179688,545.7786905765533,0.4618031978607178,True,1313.2502746582031,1245.2637720108032,0.1560036689043045,False,662.7235412597656,484.59038972854614,0.4602785110473633,True
hip_strafe_right_r1,21,0.3333333333333333,722.3307037353516,438.09470415115356,0.7188383340835571,True,929.5010375976562,576.7533445358276,0.28765204548835754,True,652.9790496826172,543.4512412548065,0.4644254744052887,True,1299.9143981933594,1229.6160650253296,0.15893301367759705,False,662.4897003173828,482.68584966659546,0.46299612522125244,True
hip_strafe_right_r1,22,0.35,720.4047393798828,438.09513330459595,0.722652792930603,True,928.4722137451172,574.2635893821716,0.29163026809692383,True,652.3545837402344,540.7593548297882,0.4678277373313904,True,1286.8244934082031,1209.8546648025513,0.16293565928936005,False,662.5587463378906,480.52701473236084,0.46647629141807556,True
hip_strafe_right_r1,23,0.36666666666666664,718.7820434570312,437.58753061294556,0.7251077890396118,True,928.2920837402344,572.6662588119507,0.2942470610141754,True,651.9934844970703,538.9515352249146,0.46998241543769836,True,1280.3654479980469,1197.2090578079224,0.1657034158706665,False,662.5536346435547,479.0538167953491,0.46865078806877136,True
hip_strafe_right_r1,24,0.38333333333333336,718.0464172363281,437.43539571762085,0.7259796857833862,True,928.4198760986328,571.2427890300751,0.29519039392471313,True,651.7300415039062,537.7124619483948,0.47068291902542114,True,1278.0328369140625,1191.2948083877563,0.16662536561489105,False,662.5521850585938,477.93615102767944,0.4693950414657593,True
hip_strafe_right_r1,25,0.4,717.2850036621094,436.9023871421814,0.7264319658279419,True,929.0259552001953,570.9023201465607,0.2957361042499542,True,651.5299224853516,536.8203163146973,0.4710066616535187,True,1277.4838256835938,1188.9036083221436,0.16730622947216034,False,662.5518798828125,477.12374210357666,0.4697078764438629,True
hip_strafe_right_r1,26,0.4166666666666667,716.4215087890625,436.19125843048096,0.7265175580978394,True,930.1056671142578,571.0170650482178,0.29593878984451294,True,651.2331390380859,535.8024072647095,0.4709540605545044,True,1277.88330078125,1188.7980365753174,0.16770192980766296,False,662.5514984130859,476.15851163864136,0.46963056921958923,True
hip_strafe_right_r1,27,0.43333333333333335,716.1162567138672,435.12446880340576,0.7260188460350037,True,930.8560180664062,571.1547696590424,0.29549697041511536,True,651.126708984375,535.181679725647,0.47046566009521484,True,1279.7843933105469,1190.9220457077026,0.16748584806919098,False,662.4769592285156,475.49832344055176,0.46907517313957214,True
hip_strafe_right_r1,28,0.45,716.6984558105469,433.80385637283325,0.7244530916213989,True,932.3911285400391,572.4334108829498,0.2939314842224121,True,651.514892578125,535.1152467727661,0.4690714478492737,True,1285.0041198730469,1199.4244766235352,0.16621072590351105,False,662.7845001220703,475.2696490287781,0.4675596356391907,True
hip_strafe_right_r1,29,0.4666666666666667,717.0020294189453,432.4069833755493,0.7232210040092468,True,934.3064117431641,574.2007720470428,0.29275473952293396,True,651.9811248779297,535.0730609893799,0.46796661615371704,True,1290.0837707519531,1207.4469423294067,0.16541504859924316,False,663.2186126708984,475.1177930831909,0.46631914377212524,True
hip_strafe_right_r1,30,0.48333333333333334,716.8479919433594,431.6452360153198,0.7217398881912231,True,936.8183898925781,577.805027961731,0.29138678312301636,True,652.230224609375,535.9704852104187,0.4665357172489166,True,1296.7385864257812,1219.488558769226,0.1644674390554428,False,663.5263824462891,475.8798837661743,0.46476060152053833,True
hip_strafe_right_r1,31,0.5,717.1506500244141,431.36547088623047,0.7197412252426147,True,938.3644866943359,581.5904188156128,0.2894091010093689,True,652.3914337158203,537.8885650634766,0.46470484137535095,True,1304.4296264648438,1233.9440774917603,0.1627814620733261,False,663.4537506103516,477.5565218925476,0.4628123342990875,True
hip_strafe_right_r1,32,0.5166666666666667,717.3529815673828,430.9083151817322,0.7187005281448364,True,939.5484924316406,585.2087187767029,0.28842341899871826,True,653.0414581298828,540.3503715991974,0.46385928988456726,True,1311.5745544433594,1243.598871231079,0.16219918429851532,False,663.5318756103516,479.8672127723694,0.46181419491767883,True
hip_strafe_right_r1,33,0.5333333333333333,718.5694885253906,431.59356594085693,0.7162660956382751,True,939.7676849365234,588.6198770999908,0.28584763407707214,True,653.4259796142578,543.6810636520386,0.46174293756484985,True,1320.8857727050781,1259.4855308532715,0.1596170961856842,False,663.2312774658203,482.83841371536255,0.45963072776794434,True
hip_strafe_right_r1,34,0.55,719.6340179443359,432.38069772720337,0.714047908782959,True,939.8210144042969,592.5609862804413,0.2835116386413574,True,653.8220977783203,547.3858058452606,0.45984041690826416,True,1330.0469970703125,1275.5332517623901,0.1573108285665512,False,662.8799438476562,486.2160658836365,0.4576535224914551,True
hip_strafe_right_r1,35,0.5666666666666667,721.0786437988281,433.2185769081116,0.7112173438072205,True,939.4981384277344,596.610918045044,0.2805146276950836,True,654.4237518310547,552.0034325122833,0.457438588142395,True,1342.6193237304688,1294.4517087936401,0.1542927473783493,False,662.3514556884766,490.40574073791504,0.4551697075366974,True
hip_strafe_right_r1,36,0.5833333333333334,722.0165252685547,433.80274057388306,0.7094811797142029,True,938.4909057617188,599.0922725200653,0.27865567803382874,True,655.1666259765625,556.2567508220673,0.4560617506504059,True,1353.3485412597656,1305.037636756897,0.15242689847946167,False,661.7706298828125,494.36686992645264,0.45372381806373596,True
hip_strafe_right_r1,37,0.6,722.9793548583984,434.46301460266113,0.707405686378479,True,936.8882751464844,600.6201338768005,0.2764241397380829,True,655.3562164306641,559.6226978302002,0.4543161988258362,True,1362.5332641601562,1316.448311805725,0.1500251740217209,False,660.8852386474609,497.41358041763306,0.4519619643688202,True
hip_strafe_right_r1,38,0.6166666666666667,723.4263610839844,434.99600172042847,0.7059037089347839,True,934.4522857666016,600.2706098556519,0.27478116750717163,True,654.7998046875,561.3641810417175,0.45301511883735657,True,1366.7274475097656,1322.5439643859863,0.14810997247695923,False,659.6336364746094,498.9111542701721,0.4506993889808655,True
hip_strafe_right_r1,39,0.6333333333333333,723.7134552001953,435.35003185272217,0.70575350522995,True,931.6513824462891,599.0984201431274,0.2745267152786255,True,654.4827270507812,562.3510193824768,0.45301514863967896,True,1365.6269836425781,1320.5810594558716,0.1476348489522934,False,658.7397766113281,499.8477816581726,0.4507341682910919,True
hip_strafe_right_r1,40,0.65,723.9191436767578,435.5791997909546,0.7056342959403992,True,929.1767883300781,597.6357901096344,0.2743200957775116,True,654.2198944091797,563.0787026882172,0.45301514863967896,True,1364.9256896972656,1317.8246068954468,0.14722250401973724,False,657.9414367675781,500.5301570892334,0.4507712423801422,True
hip_strafe_right_r1,41,0.6666666666666666,724.2490386962891,435.80939769744873,0.7073625922203064,True,925.4296112060547,595.0159800052643,0.27595970034599304,True,653.8229370117188,562.1783924102783,0.45483413338661194,True,1352.7700805664062,1305.308175086975,0.14861179888248444,False,657.4822235107422,499.85087156295776,0.4526459574699402,True
hip_strafe_right_r1,42,0.6833333333333333,724.6839141845703,436.2409973144531,0.7101702690124512,True,920.7861328125,591.9347012042999,0.278670996427536,True,653.4223937988281,560.7951557636261,0.45773324370384216,True,1334.8773193359375,1287.5935792922974,0.1510227620601654,False,657.1715545654297,498.8348937034607,0.45561620593070984,True
hip_strafe_right_r1,43,0.7,724.9176025390625,436.5456962585449,0.7142696380615234,True,916.0221862792969,588.8555467128754,0.2827093005180359,True,653.0654144287109,558.669365644455,0.4618820250034332,True,1311.9892883300781,1265.0615215301514,0.15485064685344696,False,657.1628570556641,497.26054430007935,0.45981794595718384,True
hip_strafe_right_r1,44,0.7166666666666667,725.1504516601562,436.4696502685547,0.7177698016166687,True,912.7899169921875,586.7021727561951,0.28618279099464417,True,653.0885314941406,556.8692278862,0.4654392600059509,True,1294.6324157714844,1247.2882175445557,0.158258855342865,False,657.4593353271484,495.94085454940796,0.4633845090866089,True
hip_strafe_right_r1,45,0.7333333333333333,725.5854797363281,436.46971464157104,0.7202472686767578,True,910.6855773925781,585.105367898941,0.2886302173137665,True,653.3119964599609,555.5667793750763,0.4679778516292572,True,1282.803955078125,1235.0859260559082,0.16062775254249573,False,657.8853607177734,494.9757957458496,0.46593573689460754,True
hip_strafe_right_r1,46,0.75,725.8911895751953,436.4697790145874,0.7209629416465759,True,910.2615356445312,584.7476363182068,0.2893338203430176,True,653.5997009277344,555.3154456615448,0.46873337030410767,True,1279.934310913086,1231.7639350891113,0.1613115668296814,False,658.1882476806641,494.8232316970825,0.466690331697464,True
hip_strafe_right_r1,47,0.7666666666666667,725.8142852783203,436.46984338760376,0.7204817533493042,True,910.6757354736328,585.0418424606323,0.288858026266098,True,653.5504913330078,555.5327475070953,0.4682391285896301,True,1282.11181640625,1234.0991306304932,0.1608489751815796,False,658.1130981445312,494.9757957458496,0.46619442105293274,True
hip_strafe_right_r1,48,0.7833333333333333,725.28076171875,436.31751537323,0.7203115224838257,True,910.2843475341797,584.6774590015411,0.28870099782943726,True,653.1173706054688,555.5678522586823,0.46802666783332825,True,1282.882080078125,1233.7144374847412,0.16071422398090363,False,657.5804901123047,494.97583866119385,0.4659826159477234,True
hip_strafe_right_r1,49,0.8,727.3458099365234,437.00347423553467,0.7261428833007812,True,906.7862701416016,582.7062392234802,0.2944437563419342,True,654.5306396484375,553.0304503440857,0.47406429052352905,True,1256.4994049072266,1210.1065349578857,0.16622872650623322,False,659.6989440917969,493.2492470741272,0.47205284237861633,True
hip_strafe_right_r1,50,0.8166666666666667,731.1626434326172,437.5847840309143,0.7285435795783997,True,903.9617919921875,581.7227160930634,0.29668065905570984,True,655.9764099121094,550.8841037750244,0.4770154058933258,True,1237.1087646484375,1202.7403736114502,0.16806893050670624,False,661.8478393554688,491.5205955505371,0.4750327169895172,True
hip_walk_backward_r1,1,0.0,723.5633087158203,437.25300550460815,0.7184857130050659,True,944.7856140136719,579.06125664711,0.28764647245407104,True,660.5866241455078,547.2008728981018,0.46365973353385925,True,1341.0292053222656,1230.0054788589478,0.1596841663122177,False,668.8267517089844,486.20460748672485,0.4620952606201172,True
hip_walk_backward_r1,2,0.016666666666666666,722.8820037841797,436.27867698669434,0.7191938757896423,True,946.0040283203125,576.5521574020386,0.28845757246017456,True,660.8763122558594,545.5437505245209,0.4641951024532318,True,1342.0993041992188,1221.951470375061,0.160599946975708,False,669.1914367675781,484.6208596229553,0.4626378118991852,True
hip_walk_backward_r1,3,0.03333333333333333,721.2302398681641,436.15729093551636,0.723595142364502,True,943.2063293457031,574.9200546741486,0.29300835728645325,True,660.4096984863281,544.0385591983795,0.4683610200881958,True,1325.887451171875,1201.4398670196533,0.1653028428554535,False,668.9631652832031,483.69468212127686,0.46681198477745056,True
hip_walk_backward_r1,4,0.05,720.4024505615234,435.5239677429199,0.7239671349525452,True,941.4530181884766,573.6532688140869,0.29340240359306335,True,659.1886138916016,542.6267302036285,0.4687013626098633,True,1320.3958129882812,1198.1886005401611,0.16572195291519165,False,667.9637908935547,482.35477924346924,0.46715229749679565,True
hip_walk_backward_r1,5,0.06666666666666667,719.3074798583984,434.7935914993286,0.7249153256416321,True,939.5783233642578,573.1423938274384,0.29441529512405396,True,658.1191253662109,541.7034387588501,0.4696173369884491,True,1314.1679382324219,1193.7629127502441,0.16689975559711456,False,666.9873809814453,481.5756940841675,0.4680289030075073,True
hip_walk_backward_r1,6,0.08333333333333333,718.6991119384766,433.8923907279968,0.7253221273422241,True,937.9711151123047,573.4347760677338,0.29485398530960083,True,657.2438049316406,541.0234773159027,0.4700937867164612,True,1309.0718078613281,1193.1474208831787,0.1675472855567932,False,666.1827850341797,480.99135875701904,0.46843135356903076,True
hip_walk_backward_r1,7,0.1,717.8218841552734,432.38213539123535,0.7249048352241516,True,935.2428436279297,574.2140114307404,0.29445353150367737,True,655.2452850341797,539.6396613121033,0.46983471512794495,True,1301.4617919921875,1197.270040512085,0.1674284040927887,False,664.4781494140625,479.65139150619507,0.46805891394615173,True
hip_walk_backward_r1,8,0.11666666666666667,717.5489807128906,431.1149740219116,0.7202908396720886,True,933.0710601806641,576.0653471946716,0.28971704840660095,True,651.9529724121094,538.6275029182434,0.465523898601532,True,1302.3663330078125,1220.4963827133179,0.1627306342124939,False,661.6619110107422,478.166241645813,0.46367111802101135,True
hip_walk_backward_r1,9,0.13333333333333333,717.254638671875,430.1890540122986,0.7181454300880432,True,931.1209869384766,578.1842923164368,0.2875291109085083,True,650.0303649902344,538.5321664810181,0.46361884474754333,True,1300.7611083984375,1234.0262603759766,0.16072113811969757,False,659.8880767822266,477.8743529319763,0.4616653621196747,True
hip_walk_backward_r1,10,0.15,717.1817779541016,429.8968434333801,0.7182884812355042,True,930.1467895507812,579.9625432491302,0.2876861095428467,True,649.8371887207031,539.3416786193848,0.46389538049697876,True,1298.7263488769531,1236.5771055221558,0.16108198463916779,False,659.5216369628906,478.72673749923706,0.4618576169013977,True
hip_walk_backward_r1,11,0.16666666666666666,717.7646636962891,430.55434942245483,0.7163980603218079,True,928.7084197998047,584.0546715259552,0.2856941819190979,True,649.0666198730469,541.7724788188934,0.4622950851917267,True,1300.1376342773438,1252.3296976089478,0.15912224352359772,False,658.5266876220703,480.9432077407837,0.46018823981285095,True
hip_walk_backward_r1,12,0.18333333333333332,718.4413909912109,431.30871534347534,0.7113537788391113,True,927.4378967285156,588.8769829273224,0.28047582507133484,True,647.0488739013672,544.5750224590302,0.45762282609939575,True,1309.0399169921875,1284.1934823989868,0.15377533435821533,False,656.3436889648438,483.1116986274719,0.45547670125961304,True
hip_walk_backward_r1,13,0.2,719.4610595703125,432.1123266220093,0.7081254720687866,True,926.5099334716797,592.6283097267151,0.27710363268852234,True,646.2855529785156,547.3155748844147,0.45472949743270874,True,1316.1325073242188,1306.6601371765137,0.15028730034828186,False,655.2294921875,485.4256296157837,0.45255035161972046,True
hip_walk_backward_r1,14,0.21666666666666667,720.4009246826172,432.5766062736511,0.7061182856559753,True,926.1830902099609,595.329669713974,0.27500680088996887,True,646.5892028808594,550.3195095062256,0.453014999628067,True,1324.7906494140625,1320.6968450546265,0.14817780256271362,False,654.7861480712891,488.12352418899536,0.45078369975090027,True
hip_walk_backward_r1,15,0.23333333333333334,721.4944458007812,433.5377597808838,0.7058855891227722,True,925.9498596191406,597.9142677783966,0.2747059464454651,True,647.877197265625,553.6735904216766,0.45301535725593567,True,1329.9684143066406,1325.552544593811,0.14785994589328766,False,655.2415466308594,491.406934261322,0.450745552778244,True
hip_walk_backward_r1,16,0.25,722.1669006347656,434.153573513031,0.7057357430458069,True,925.3076171875,598.7515354156494,0.2744949162006378,True,648.6054992675781,555.725222826004,0.45301514863967896,True,1333.2038879394531,1327.0082759857178,0.147569939494133,False,655.3431701660156,493.4010171890259,0.4507402777671814,True
hip_walk_backward_r1,17,0.26666666666666666,722.9845428466797,434.3186688423157,0.705659031867981,True,925.2680969238281,596.7369818687439,0.274343878030777,True,649.6805572509766,556.4844381809235,0.4530150592327118,True,1338.0796813964844,1322.6773881912231,0.14722198247909546,False,655.7949066162109,494.08324241638184,0.45078250765800476,True
hip_walk_backward_r1,18,0.2833333333333333,724.1401672363281,434.5432233810425,0.7055877447128296,True,925.4233551025391,594.2108237743378,0.274181604385376,True,650.8332061767578,556.6085171699524,0.4530152380466461,True,1341.7001342773438,1317.9733085632324,0.1467827558517456,False,656.5342712402344,494.1421437263489,0.45084965229034424,True
hip_walk_backward_r1,19,0.3,725.7112884521484,434.98780488967896,0.7055094838142395,True,925.9362030029297,591.2080800533295,0.2739941477775574,True,652.4703216552734,556.8981313705444,0.4530152976512909,True,1346.7909240722656,1312.2570705413818,0.14622962474822998,False,657.6679229736328,494.35210704803467,0.4509423077106476,True
hip_walk_backward_r1,20,0.31666666666666665,726.6954803466797,435.23104906082153,0.7079005241394043,True,925.8039855957031,588.853315114975,0.2763529419898987,True,654.5458221435547,557.1113455295563,0.45542967319488525,True,1343.54736328125,1295.2325963974,0.14847402274608612,False,659.2473602294922,494.85071897506714,0.4533860981464386,True
hip_walk_backward_r1,21,0.3333333333333333,727.0720672607422,435.4507541656494,0.7173770666122437,True,924.3746948242188,585.6378722190857,0.28592127561569214,True,658.3448028564453,555.9350681304932,0.46473750472068787,True,1318.3131408691406,1245.7738637924194,0.15826746821403503,False,662.8079986572266,494.9242329597473,0.4626578688621521,True
hip_walk_backward_r1,22,0.35,728.1295776367188,435.8650803565979,0.7254002690315247,True,922.5550079345703,582.3979032039642,0.29396164417266846,True,661.3137054443359,554.1250169277191,0.47269001603126526,True,1295.3562927246094,1208.3715963363647,0.16631096601486206,False,665.8833312988281,494.1448903083801,0.47062215209007263,True
hip_walk_backward_r1,23,0.36666666666666664,729.8143768310547,436.1701440811157,0.7295764088630676,True,920.6767272949219,580.166198015213,0.298063188791275,True,663.2357025146484,553.1206262111664,0.47701504826545715,True,1281.9369506835938,1189.7146224975586,0.17024680972099304,False,667.7682495117188,493.67363691329956,0.4749689996242523,True
hip_walk_backward_r1,24,0.38333333333333336,731.1156463623047,436.11323833465576,0.7293116450309753,True,918.4197235107422,579.0062499046326,0.29768431186676025,True,662.8858184814453,552.1135854721069,0.47701510787010193,True,1275.4310607910156,1190.022668838501,0.1696120798587799,False,667.5873565673828,492.66398906707764,0.4749983251094818,True
hip_walk_backward_r1,25,0.4,732.2576141357422,436.12667083740234,0.729065477848053,True,915.7447052001953,577.6654028892517,0.297331303358078,True,662.0527648925781,550.5631184577942,0.47701507806777954,True,1266.5367126464844,1190.3559494018555,0.16897064447402954,False,667.1551513671875,491.1229634284973,0.4750423729419708,True
hip_walk_backward_r1,26,0.4166666666666667,733.1534576416016,436.21389627456665,0.7288740277290344,True,913.8572692871094,576.8095421791077,0.297066867351532,True,661.5591430664062,549.6270060539246,0.47701501846313477,True,1260.4146575927734,1190.706696510315,0.168496236205101,False,666.9085693359375,490.1927947998047,0.4750736355781555,True
hip_walk_backward_r1,27,0.43333333333333335,733.4028625488281,435.9201192855835,0.7286433577537537,True,911.6787719726562,577.8105854988098,0.29681161046028137,True,660.7929992675781,549.6523475646973,0.47701501846313477,True,1255.1396179199219,1194.0364980697632,0.16829365491867065,False,666.1634826660156,490.24006605148315,0.47502005100250244,True
hip_walk_backward_r1,28,0.45,732.6517486572266,435.4958152770996,0.7284826636314392,True,908.7972259521484,579.8694384098053,0.29666709899902344,True,658.9305114746094,549.4614064693451,0.47701504826545715,True,1247.0964050292969,1199.306845664978,0.1683478206396103,False,664.5650482177734,490.1045608520508,0.4749341309070587,True
hip_walk_backward_r1,29,0.4666666666666667,731.6482543945312,435.1809024810791,0.7284020185470581,True,906.2362670898438,581.7337775230408,0.2966134250164032,True,656.9777679443359,549.103707075119,0.47701504826545715,True,1239.3991088867188,1203.8733386993408,0.16848152875900269,False,662.9624176025391,489.80520486831665,0.4748648703098297,True
hip_walk_backward_r1,30,0.48333333333333334,731.3760375976562,435.32670736312866,0.728312611579895,True,905.5435943603516,584.1687083244324,0.2965470850467682,True,656.702880859375,550.4561626911163,0.47701510787010193,True,1238.9569091796875,1208.3182954788208,0.16858139634132385,False,662.5130462646484,491.1713933944702,0.4748010039329529,True
hip_walk_backward_r1,31,0.5,731.1198425292969,435.0186824798584,0.7281585335731506,True,905.0917053222656,587.413204908371,0.2964440882205963,True,656.5499877929688,551.8860161304474,0.47701501846313477,True,1238.8396453857422,1214.4423151016235,0.16880036890506744,False,662.1500396728516,492.6349353790283,0.47468075156211853,True
hip_walk_backward_r1,32,0.5166666666666667,730.9081268310547,434.4523501396179,0.7245514392852783,True,904.9208831787109,590.1921451091766,0.29284608364105225,True,655.1069641113281,552.8737556934357,0.47360682487487793,True,1245.0335693359375,1233.3051109313965,0.16534481942653656,False,660.6435394287109,493.21937799453735,0.47119906544685364,True
hip_walk_backward_r1,33,0.5333333333333333,731.1969757080078,434.6713900566101,0.721901535987854,True,906.7209625244141,592.8472316265106,0.2901996970176697,True,655.5015563964844,555.3146088123322,0.47105053067207336,True,1257.255630493164,1247.486743927002,0.16275820136070251,False,660.5282592773438,495.3141188621521,0.4686106741428375,True
hip_walk_backward_r1,34,0.55,731.6103363037109,435.79182386398315,0.7214765548706055,True,910.5933380126953,595.6486058235168,0.28980332612991333,True,657.9180908203125,559.0518271923065,0.4705270230770111,True,1272.3899841308594,1251.8241119384766,0.16243727505207062,False,662.1123504638672,498.9435338973999,0.4680803418159485,True
hip_walk_backward_r1,35,0.5666666666666667,731.9721984863281,437.08282470703125,0.719045102596283,True,915.5111694335938,598.742448091507,0.2873837351799011,True,659.7325897216797,562.7339744567871,0.4679430425167084,True,1293.1135559082031,1265.2171325683594,0.15999151766300201,False,663.2878112792969,502.2564697265625,0.46552807092666626,True
hip_walk_backward_r1,36,0.5833333333333334,731.6764831542969,437.56995677948,0.7167014479637146,True,918.9675903320312,599.692690372467,0.28505560755729675,True,660.3201293945312,564.5048546791077,0.4654145836830139,True,1309.4314575195312,1275.2646446228027,0.15762768685817719,False,663.5128021240234,503.668749332428,0.46303972601890564,True
hip_walk_backward_r1,37,0.6,731.0355377197266,438.08133602142334,0.7107575535774231,True,924.5648956298828,600.9592509269714,0.2791152000427246,True,659.2418670654297,565.1961779594421,0.4591439366340637,True,1335.4133605957031,1303.9846229553223,0.1515013575553894,False,662.7719116210938,503.4975814819336,0.45687684416770935,True
hip_walk_backward_r1,38,0.6166666666666667,730.1052093505859,438.4221911430359,0.7071492671966553,True,931.0894775390625,601.4709520339966,0.2755762040615082,True,659.1928100585938,565.4002726078033,0.4550865590572357,True,1358.7614440917969,1321.2969732284546,0.14793217182159424,False,663.0722045898438,503.13215732574463,0.4529036283493042,True
hip_walk_backward_r1,39,0.6333333333333333,729.1777038574219,438.78390312194824,0.7055066227912903,True,936.856689453125,602.0854568481445,0.2740378677845001,True,659.6639251708984,565.4861783981323,0.4530152678489685,True,1375.1533508300781,1329.585943222046,0.14646518230438232,False,663.8972473144531,502.93051958084106,0.4508857727050781,True
hip_walk_backward_r1,40,0.65,727.7722930908203,438.33468675613403,0.7059448957443237,True,940.1547241210938,599.924658536911,0.27460595965385437,True,659.5578002929688,563.3273112773895,0.45301544666290283,True,1378.6729431152344,1323.0068922042847,0.14713440835475922,False,664.3916320800781,500.7828211784363,0.4509353041648865,True
hip_walk_backward_r1,41,0.6666666666666666,726.4102935791016,438.20053339004517,0.706412672996521,True,942.6155090332031,597.047688961029,0.2751832604408264,True,658.7926483154297,560.1973450183868,0.453014999628067,True,1377.8103637695312,1316.1361026763916,0.1476423293352127,False,664.6185302734375,497.67703771591187,0.451042115688324,True
hip_walk_backward_r1,42,0.6833333333333333,725.8419036865234,438.27550649642944,0.7074868679046631,True,943.7061309814453,593.6761844158173,0.2763054072856903,True,658.8224792480469,558.0257856845856,0.4537864625453949,True,1375.5545043945312,1304.8574352264404,0.14859917759895325,False,665.1205444335938,495.60667276382446,0.4519193470478058,True
hip_walk_backward_r1,43,0.7,724.7052764892578,438.9336562156677,0.7153530716896057,True,942.4940490722656,589.9737167358398,0.2843514084815979,True,660.4943084716797,555.5344641208649,0.46118101477622986,True,1350.6767272949219,1261.7668676376343,0.15672115981578827,False,667.2975921630859,494.14493322372437,0.4593856930732727,True
hip_walk_backward_r1,44,0.7166666666666667,723.5894775390625,439.5672369003296,0.7197028398513794,True,940.5002593994141,586.0275435447693,0.2887822091579437,True,659.9146270751953,552.0596086978912,0.46514078974723816,True,1331.5730285644531,1237.6035976409912,0.16091276705265045,False,667.6789855957031,491.2461519241333,0.46349412202835083,True
hip_walk_backward_r1,45,0.7333333333333333,723.5169219970703,438.6172842979431,0.7204424142837524,True,942.059326171875,582.0084142684937,0.2895754277706146,True,660.3929138183594,549.0935790538788,0.46569278836250305,True,1331.046142578125,1227.638053894043,0.16162694990634918,False,668.5546875,488.37236881256104,0.4641081988811493,True
hip_walk_backward_r1,46,0.75,723.5633087158203,437.25300550460815,0.7184857130050659,True,944.7856140136719,579.06125664711,0.28764647245407104,True,660.5866241455078,547.2008728981018,0.46365973353385925,True,1341.0292053222656,1230.0054788589478,0.1596841663122177,False,668.8267517089844,486.20460748672485,0.4620952606201172,True
hip_walk_forward_r1,1,0.0,756.8151092529297,436.45808458328247,0.7148724794387817,True,947.2573852539062,582.5468945503235,0.2827551066875458,True,682.108154296875,549.6625828742981,0.4650150537490845,True,1330.9864807128906,1264.304838180542,0.1532721370458603,False,688.5508728027344,488.77841234207153,0.46305185556411743,True
hip_walk_forward_r1,2,0.016666666666666666,758.3667755126953,436.09798192977905,0.7147312760353088,True,950.9375762939453,585.3867101669312,0.28264468908309937,True,684.3506622314453,550.38658618927,0.46501511335372925,True,1336.66748046875,1270.4897117614746,0.15342964231967926,False,690.8132934570312,489.5450520515442,0.4629480242729187,True
hip_walk_forward_r1,3,0.03333333333333333,758.3612060546875,437.0327425003052,0.7148427367210388,True,952.4862670898438,587.4140739440918,0.28275924921035767,True,684.9471282958984,551.7446529865265,0.4650149643421173,True,1340.0871276855469,1273.50163936615,0.15355437994003296,False,691.4164733886719,490.9051036834717,0.4629601836204529,True
hip_walk_forward_r1,4,0.05,758.1218719482422,438.3480763435364,0.7149860858917236,True,953.7464141845703,590.0139284133911,0.28290462493896484,True,685.3068542480469,553.5622358322144,0.46501490473747253,True,1343.1684875488281,1277.348313331604,0.15368883311748505,False,691.7812347412109,492.7220106124878,0.46298372745513916,True
hip_walk_forward_r1,5,0.06666666666666667,755.8644866943359,439.4272041320801,0.7155725955963135,True,957.7351379394531,593.430472612381,0.2835577726364136,True,685.5695343017578,555.6904399394989,0.4650149941444397,True,1353.1375122070312,1279.6654844284058,0.1546168476343155,False,692.0768737792969,494.8630356788635,0.4629831910133362,True
hip_walk_forward_r1,6,0.08333333333333333,752.8943634033203,440.79094648361206,0.7162283658981323,True,960.8092498779297,596.6739392280579,0.28431159257888794,True,685.1088714599609,557.9839754104614,0.46501508355140686,True,1361.7678833007812,1280.964617729187,0.15561437606811523,False,691.6456604003906,497.1602511405945,0.46300840377807617,True
hip_walk_forward_r1,7,0.1,749.7073364257812,441.8240475654602,0.7168279886245728,True,963.0316162109375,599.6818006038666,0.2850458025932312,True,684.2041778564453,559.9788415431976,0.46501535177230835,True,1368.4304809570312,1281.970853805542,0.1566416323184967,False,690.7693481445312,499.1641616821289,0.46301618218421936,True
hip_walk_forward_r1,8,0.11666666666666667,746.0247039794922,442.5200915336609,0.7173045873641968,True,962.9196166992188,603.0849123001099,0.28568392992019653,True,682.1043395996094,561.8700671195984,0.46501508355140686,True,1370.0816345214844,1284.3317985534668,0.15764789283275604,False,688.6927795410156,501.0785722732544,0.4629863500595093,True
hip_walk_forward_r1,9,0.13333333333333333,741.6871643066406,443.30939054489136,0.717764675617218,True,961.1515045166016,606.7366862297058,0.28633394837379456,True,678.9969635009766,563.9225792884827,0.46501511335372925,True,1368.6370849609375,1287.0351219177246,0.15867821872234344,False,685.6038665771484,503.15573930740356,0.4629557728767395,True
hip_walk_forward_r1,10,0.15,738.0937957763672,443.96477222442627,0.7180957794189453,True,958.9988708496094,609.773279428482,0.28682848811149597,True,676.1532592773438,565.6183040142059,0.4650152623653412,True,1365.9860229492188,1289.5390176773071,0.15947645902633667,False,682.7714538574219,504.8725891113281,0.46292853355407715,True
hip_walk_forward_r1,11,0.16666666666666666,733.6426544189453,443.78111600875854,0.7184262871742249,True,955.1561737060547,611.1531794071198,0.2873552739620209,True,672.1626281738281,566.1946892738342,0.4650150239467621,True,1360.2513122558594,1288.8682079315186,0.16036057472229004,False,678.7891387939453,505.4705286026001,0.4628889262676239,True
hip_walk_forward_r1,12,0.18333333333333332,728.7388610839844,443.6376929283142,0.7188151478767395,True,950.3779602050781,610.9987699985504,0.28794562816619873,True,667.5708770751953,566.2667441368103,0.46501508355140686,True,1353.333740234375,1285.0008058547974,0.16119830310344696,False,674.1987609863281,505.5427122116089,0.4628956913948059,True
hip_walk_forward_r1,13,0.2,724.6763610839844,443.65322828292847,0.719152569770813,True,945.452880859375,609.176584482193,0.2884121239185333,True,663.4020233154297,565.7852447032928,0.46501514315605164,True,1346.219482421875,1278.8430547714233,0.16169044375419617,False,670.0228118896484,505.03502368927,0.46295681595802307,True
hip_walk_forward_r1,14,0.21666666666666667,720.4176330566406,442.1530795097351,0.7194419503211975,True,939.1493988037109,603.5027146339417,0.28881165385246277,True,658.5685729980469,562.9025781154633,0.4650152921676636,True,1336.4642333984375,1266.240234375,0.1620834767818451,False,665.1781463623047,502.1157503128052,0.4630187153816223,True
hip_walk_forward_r1,15,0.23333333333333334,714.5599365234375,438.49480390548706,0.7197642922401428,True,930.7453155517578,594.0572190284729,0.28932932019233704,True,651.9911956787109,557.2976303100586,0.46501508355140686,True,1322.9640197753906,1246.3563108444214,0.1627786010503769,False,658.5901641845703,496.4805579185486,0.4630385935306549,True
hip_walk_forward_r1,16,0.25,709.9525451660156,434.20910596847534,0.7199342250823975,True,923.37158203125,584.2778527736664,0.2896473705768585,True,646.4913177490234,551.0918247699738,0.4650150537490845,True,1310.5461120605469,1227.2059392929077,0.16329878568649292,False,653.079833984375,490.25641679763794,0.46302080154418945,True
hip_walk_forward_r1,17,0.26666666666666666,706.0152435302734,428.84161949157715,0.7199409008026123,True,916.5562438964844,574.7378039360046,0.289802223443985,True,641.5477752685547,544.2283308506012,0.46501508355140686,True,1298.1575012207031,1209.6981525421143,0.16384164988994598,False,648.1255340576172,483.40232133865356,0.46291816234588623,True
hip_walk_forward_r1,18,0.2833333333333333,702.4346923828125,423.94856214523315,0.719895601272583,True,909.7050476074219,566.4714074134827,0.28987976908683777,True,636.7840957641602,538.1087851524353,0.4650149941444397,True,1285.5245971679688,1194.9602508544922,0.16428500413894653,False,643.3469390869141,477.29435205459595,0.4628111720085144,True
hip_walk_forward_r1,19,0.3,699.9958801269531,420.3121519088745,0.7197864055633545,True,903.631591796875,560.3290843963623,0.28980958461761475,True,632.9729461669922,533.5227227210999,0.46501532196998596,True,1274.0826416015625,1184.752278327942,0.16443583369255066,False,639.5176315307617,472.7157783508301,0.462729275226593,True
hip_walk_forward_r1,20,0.31666666666666665,698.255615234375,418.2516145706177,0.7196555137634277,True,899.0602874755859,558.3409988880157,0.28971534967422485,True,630.1490020751953,531.4580655097961,0.4650149345397949,True,1265.1931762695312,1182.0314025878906,0.16457422077655792,False,636.6781616210938,470.67307233810425,0.46263933181762695,True
hip_walk_forward_r1,21,0.3333333333333333,696.1922454833984,416.5624666213989,0.7195662260055542,True,894.9925994873047,557.7692914009094,0.28972092270851135,True,627.3445129394531,530.1796174049377,0.465015172958374,True,1257.3936462402344,1181.2912845611572,0.1648956537246704,False,633.8608169555664,469.42466497421265,0.46253836154937744,True
hip_walk_forward_r1,22,0.35,695.4064178466797,416.50489568710327,0.7195223569869995,True,893.0228424072266,558.7304127216339,0.2896943688392639,True,626.1111450195312,530.4887580871582,0.46501514315605164,True,1253.6572265625,1183.2142353057861,0.16495411098003387,False,632.6203536987305,469.7469162940979,0.4625069499015808,True
hip_walk_forward_r1,23,0.36666666666666664,695.9895324707031,417.3217248916626,0.7194594740867615,True,892.7835845947266,560.306339263916,0.2895629405975342,True,626.3440322875977,531.5456342697144,0.46501490473747253,True,1252.9426574707031,1186.6749715805054,0.16473060846328735,False,632.8495407104492,470.8052730560303,0.46251654624938965,True
hip_walk_forward_r1,24,0.38333333333333336,696.8917846679688,419.1757321357727,0.7193831205368042,True,892.3379516601562,563.5542047023773,0.2893693149089813,True,626.6816329956055,533.8542652130127,0.46501532196998596,True,1251.8382263183594,1193.3583498001099,0.1643420308828354,False,633.1814956665039,473.11315298080444,0.46255069971084595,True
hip_walk_forward_r1,25,0.4,697.8810119628906,421.53335094451904,0.719291627407074,True,891.7805480957031,567.9926812648773,0.28915145993232727,True,627.0251846313477,536.9099020957947,0.4650152623653412,True,1250.461196899414,1202.2957277297974,0.16391439735889435,False,633.518180847168,476.1709785461426,0.4625857174396515,True
hip_walk_forward_r1,26,0.4166666666666667,700.123291015625,425.1839017868042,0.7191288471221924,True,892.8678894042969,575.5557918548584,0.2888166308403015,True,628.7244415283203,541.8906247615814,0.4650152027606964,True,1251.633529663086,1217.445616722107,0.16331541538238525,False,635.2134704589844,481.16289138793945,0.46262091398239136,True
hip_walk_forward_r1,27,0.43333333333333335,703.6487579345703,429.72299337387085,0.7189959287643433,True,896.0479736328125,582.9457604885101,0.2884517014026642,True,631.9948959350586,547.3572134971619,0.4650152623653412,True,1256.8089294433594,1232.3850917816162,0.16247045993804932,False,638.4842300415039,486.6161870956421,0.46272197365760803,True
hip_walk_forward_r1,28,0.45,706.9134521484375,434.3299984931946,0.718966007232666,True,899.6819305419922,589.0020275115967,0.2882181406021118,True,635.31494140625,552.4218249320984,0.4650149941444397,True,1263.4507751464844,1244.1840648651123,0.16168203949928284,False,641.8064880371094,491.6465950012207,0.46286725997924805,True
hip_walk_forward_r1,29,0.4666666666666667,710.7674407958984,438.83480072021484,0.7189112305641174,True,904.0036010742188,594.0926349163055,0.2879466116428375,True,639.2457580566406,557.0556092262268,0.4650152027606964,True,1271.3164520263672,1254.5073080062866,0.16078312695026398,False,645.7378387451172,496.2346315383911,0.4630316495895386,True
hip_walk_forward_r1,30,0.48333333333333334,715.1682281494141,442.88126707077026,0.7187113761901855,True,907.6887512207031,598.7963497638702,0.2875072956085205,True,643.226318359375,561.1981308460236,0.46501532196998596,True,1277.3534393310547,1265.2425384521484,0.15971951186656952,False,649.7100830078125,500.3368663787842,0.4631711542606354,True
hip_walk_forward_r1,31,0.5,718.8064575195312,445.21302938461304,0.7184971570968628,True,911.2366485595703,602.0946943759918,0.28714099526405334,True,646.6941833496094,563.7584280967712,0.4650152325630188,True,1282.9052734375,1273.243203163147,0.15900173783302307,False,653.1728363037109,502.88108110427856,0.4632323682308197,True
hip_walk_forward_r1,32,0.5166666666666667,721.7389678955078,446.5861701965332,0.7183362245559692,True,913.3496856689453,601.7316842079163,0.2868383526802063,True,649.2165374755859,564.4032740592957,0.4650152325630188,True,1286.2631225585938,1274.1868686676025,0.1582685261964798,False,655.6855773925781,503.4879684448242,0.4633294939994812,True
hip_walk_forward_r1,33,0.5333333333333333,728.2447052001953,446.68654918670654,0.7178073525428772,True,918.2756042480469,598.5013282299042,0.28607097268104553,True,654.8520660400391,563.0447781085968,0.4650152325630188,True,1292.9525756835938,1272.7374458312988,0.1569303274154663,False,661.3024139404297,502.0911169052124,0.46340614557266235,True
hip_walk_forward_r1,34,0.55,736.7042541503906,446.12242698669434,0.7169861197471619,True,923.1063079833984,592.5768542289734,0.28498873114585876,True,661.5737915039062,560.204941034317,0.46501508355140686,True,1298.2168579101562,1268.1243896484375,0.15509365499019623,False,667.9898834228516,499.19984579086304,0.4635006785392761,True
hip_walk_forward_r1,35,0.5666666666666667,742.7555847167969,443.0809736251831,0.7162342667579651,True,927.3469543457031,587.5156223773956,0.28413674235343933,True,666.6183471679688,556.1641824245453,0.4650147557258606,True,1302.0951843261719,1264.1721868515015,0.15416055917739868,False,673.0216979980469,495.1768755912781,0.4634070098400116,True
hip_walk_forward_r1,36,0.5833333333333334,747.7662658691406,440.5890941619873,0.7156372666358948,True,931.4131164550781,583.184187412262,0.28348851203918457,True,671.0103607177734,552.8099298477173,0.465015172958374,True,1306.4837646484375,1260.2587795257568,0.15345348417758942,False,677.4065399169922,491.8343496322632,0.4633365571498871,True
hip_walk_forward_r1,37,0.6,751.9510650634766,438.503623008728,0.7152137160301208,True,936.2022399902344,579.6891939640045,0.283046156167984,True,675.208740234375,550.0844728946686,0.4650152921676636,True,1313.0857849121094,1256.6149234771729,0.15300919115543365,False,681.6064453125,489.11922454833984,0.4632761776447296,True
hip_walk_forward_r1,38,0.6166666666666667,755.433349609375,437.5731325149536,0.7149090766906738,True,941.4236450195312,579.6562027931213,0.28274309635162354,True,679.1616058349609,549.3710374832153,0.4650152325630188,True,1321.0186767578125,1258.5777425765991,0.1527950018644333,False,685.5693054199219,488.42798709869385,0.4632050096988678,True
hip_walk_forward_r1,39,0.6333333333333333,756.8151092529297,436.45808458328247,0.7148724794387817,True,947.2573852539062,582.5468945503235,0.2827551066875458,True,682.108154296875,549.6625828742981,0.4650150537490845,True,1330.9864807128906,1264.304838180542,0.1532721370458603,False,688.5508728027344,488.77841234207153,0.46305185556411743,True
