clip_id,native_frame,pts_ticks,time_base,blender_frame
R3_low_obstacle_mantle_01_f7284-7348,7284,1864704,1/15360,1
R3_low_obstacle_mantle_01_f7284-7348,7285,1864960,1/15360,2
R3_low_obstacle_mantle_01_f7284-7348,7286,1865216,1/15360,3
R3_low_obstacle_mantle_01_f7284-7348,7287,1865472,1/15360,4
R3_low_obstacle_mantle_01_f7284-7348,7288,1865728,1/15360,5
R3_low_obstacle_mantle_01_f7284-7348,7289,1865984,1/15360,6
R3_low_obstacle_mantle_01_f7284-7348,7290,1866240,1/15360,7
R3_low_obstacle_mantle_01_f7284-7348,7291,1866496,1/15360,8
R3_low_obstacle_mantle_01_f7284-7348,7292,1866752,1/15360,9
R3_low_obstacle_mantle_01_f7284-7348,7293,1867008,1/15360,10
R3_low_obstacle_mantle_01_f7284-7348,7294,1867264,1/15360,11
R3_low_obstacle_mantle_01_f7284-7348,7295,1867520,1/15360,12
R3_low_obstacle_mantle_01_f7284-7348,7296,1867776,1/15360,13
R3_low_obstacle_mantle_01_f7284-7348,7297,1868032,1/15360,14
R3_low_obstacle_mantle_01_f7284-7348,7298,1868288,1/15360,15
R3_low_obstacle_mantle_01_f7284-7348,7299,1868544,1/15360,16
R3_low_obstacle_mantle_01_f7284-7348,7300,1868800,1/15360,17
R3_low_obstacle_mantle_01_f7284-7348,7301,1869056,1/15360,18
R3_low_obstacle_mantle_01_f7284-7348,7302,1869312,1/15360,19
R3_low_obstacle_mantle_01_f7284-7348,7303,1869568,1/15360,20
R3_low_obstacle_mantle_01_f7284-7348,7304,1869824,1/15360,21
R3_low_obstacle_mantle_01_f7284-7348,7305,1870080,1/15360,22
R3_low_obstacle_mantle_01_f7284-7348,7306,1870336,1/15360,23
R3_low_obstacle_mantle_01_f7284-7348,7307,1870592,1/15360,24
R3_low_obstacle_mantle_01_f7284-7348,7308,1870848,1/15360,25
R3_low_obstacle_mantle_01_f7284-7348,7309,1871104,1/15360,26
R3_low_obstacle_mantle_01_f7284-7348,7310,1871360,1/15360,27
R3_low_obstacle_mantle_01_f7284-7348,7311,1871616,1/15360,28
R3_low_obstacle_mantle_01_f7284-7348,7312,1871872,1/15360,29
R3_low_obstacle_mantle_01_f7284-7348,7313,1872128,1/15360,30
R3_low_obstacle_mantle_01_f7284-7348,7314,1872384,1/15360,31
R3_low_obstacle_mantle_01_f7284-7348,7315,1872640,1/15360,32
R3_low_obstacle_mantle_01_f7284-7348,7316,1872896,1/15360,33
R3_low_obstacle_mantle_01_f7284-7348,7317,1873152,1/15360,34
R3_low_obstacle_mantle_01_f7284-7348,7318,1873408,1/15360,35
R3_low_obstacle_mantle_01_f7284-7348,7319,1873664,1/15360,36
R3_low_obstacle_mantle_01_f7284-7348,7320,1873920,1/15360,37
R3_low_obstacle_mantle_01_f7284-7348,7321,1874176,1/15360,38
R3_low_obstacle_mantle_01_f7284-7348,7322,1874432,1/15360,39
R3_low_obstacle_mantle_01_f7284-7348,7323,1874688,1/15360,40
R3_low_obstacle_mantle_01_f7284-7348,7324,1874944,1/15360,41
R3_low_obstacle_mantle_01_f7284-7348,7325,1875200,1/15360,42
R3_low_obstacle_mantle_01_f7284-7348,7326,1875456,1/15360,43
R3_low_obstacle_mantle_01_f7284-7348,7327,1875712,1/15360,44
R3_low_obstacle_mantle_01_f7284-7348,7328,1875968,1/15360,45
R3_low_obstacle_mantle_01_f7284-7348,7329,1876224,1/15360,46
R3_low_obstacle_mantle_01_f7284-7348,7330,1876480,1/15360,47
R3_low_obstacle_mantle_01_f7284-7348,7331,1876736,1/15360,48
R3_low_obstacle_mantle_01_f7284-7348,7332,1876992,1/15360,49
R3_low_obstacle_mantle_01_f7284-7348,7333,1877248,1/15360,50
R3_low_obstacle_mantle_01_f7284-7348,7334,1877504,1/15360,51
R3_low_obstacle_mantle_01_f7284-7348,7335,1877760,1/15360,52
R3_low_obstacle_mantle_01_f7284-7348,7336,1878016,1/15360,53
R3_low_obstacle_mantle_01_f7284-7348,7337,1878272,1/15360,54
R3_low_obstacle_mantle_01_f7284-7348,7338,1878528,1/15360,55
R3_low_obstacle_mantle_01_f7284-7348,7339,1878784,1/15360,56
R3_low_obstacle_mantle_01_f7284-7348,7340,1879040,1/15360,57
R3_low_obstacle_mantle_01_f7284-7348,7341,1879296,1/15360,58
R3_low_obstacle_mantle_01_f7284-7348,7342,1879552,1/15360,59
R3_low_obstacle_mantle_01_f7284-7348,7343,1879808,1/15360,60
R3_low_obstacle_mantle_01_f7284-7348,7344,1880064,1/15360,61
R3_low_obstacle_mantle_01_f7284-7348,7345,1880320,1/15360,62
R3_low_obstacle_mantle_01_f7284-7348,7346,1880576,1/15360,63
R3_low_obstacle_mantle_01_f7284-7348,7347,1880832,1/15360,64
R3_one_hand_mantle_01_f7787-7883,7787,1993472,1/15360,1
R3_one_hand_mantle_01_f7787-7883,7788,1993728,1/15360,2
R3_one_hand_mantle_01_f7787-7883,7789,1993984,1/15360,3
R3_one_hand_mantle_01_f7787-7883,7790,1994240,1/15360,4
R3_one_hand_mantle_01_f7787-7883,7791,1994496,1/15360,5
R3_one_hand_mantle_01_f7787-7883,7792,1994752,1/15360,6
R3_one_hand_mantle_01_f7787-7883,7793,1995008,1/15360,7
R3_one_hand_mantle_01_f7787-7883,7794,1995264,1/15360,8
R3_one_hand_mantle_01_f7787-7883,7795,1995520,1/15360,9
R3_one_hand_mantle_01_f7787-7883,7796,1995776,1/15360,10
R3_one_hand_mantle_01_f7787-7883,7797,1996032,1/15360,11
R3_one_hand_mantle_01_f7787-7883,7798,1996288,1/15360,12
R3_one_hand_mantle_01_f7787-7883,7799,1996544,1/15360,13
R3_one_hand_mantle_01_f7787-7883,7800,1996800,1/15360,14
R3_one_hand_mantle_01_f7787-7883,7801,1997056,1/15360,15
R3_one_hand_mantle_01_f7787-7883,7802,1997312,1/15360,16
R3_one_hand_mantle_01_f7787-7883,7803,1997568,1/15360,17
R3_one_hand_mantle_01_f7787-7883,7804,1997824,1/15360,18
R3_one_hand_mantle_01_f7787-7883,7805,1998080,1/15360,19
R3_one_hand_mantle_01_f7787-7883,7806,1998336,1/15360,20
R3_one_hand_mantle_01_f7787-7883,7807,1998592,1/15360,21
R3_one_hand_mantle_01_f7787-7883,7808,1998848,1/15360,22
R3_one_hand_mantle_01_f7787-7883,7809,1999104,1/15360,23
R3_one_hand_mantle_01_f7787-7883,7810,1999360,1/15360,24
R3_one_hand_mantle_01_f7787-7883,7811,1999616,1/15360,25
R3_one_hand_mantle_01_f7787-7883,7812,1999872,1/15360,26
R3_one_hand_mantle_01_f7787-7883,7813,2000128,1/15360,27
R3_one_hand_mantle_01_f7787-7883,7814,2000384,1/15360,28
R3_one_hand_mantle_01_f7787-7883,7815,2000640,1/15360,29
R3_one_hand_mantle_01_f7787-7883,7816,2000896,1/15360,30
R3_one_hand_mantle_01_f7787-7883,7817,2001152,1/15360,31
R3_one_hand_mantle_01_f7787-7883,7818,2001408,1/15360,32
R3_one_hand_mantle_01_f7787-7883,7819,2001664,1/15360,33
R3_one_hand_mantle_01_f7787-7883,7820,2001920,1/15360,34
R3_one_hand_mantle_01_f7787-7883,7821,2002176,1/15360,35
R3_one_hand_mantle_01_f7787-7883,7822,2002432,1/15360,36
R3_one_hand_mantle_01_f7787-7883,7823,2002688,1/15360,37
R3_one_hand_mantle_01_f7787-7883,7824,2002944,1/15360,38
R3_one_hand_mantle_01_f7787-7883,7825,2003200,1/15360,39
R3_one_hand_mantle_01_f7787-7883,7826,2003456,1/15360,40
R3_one_hand_mantle_01_f7787-7883,7827,2003712,1/15360,41
R3_one_hand_mantle_01_f7787-7883,7828,2003968,1/15360,42
R3_one_hand_mantle_01_f7787-7883,7829,2004224,1/15360,43
R3_one_hand_mantle_01_f7787-7883,7830,2004480,1/15360,44
R3_one_hand_mantle_01_f7787-7883,7831,2004736,1/15360,45
R3_one_hand_mantle_01_f7787-7883,7832,2004992,1/15360,46
R3_one_hand_mantle_01_f7787-7883,7833,2005248,1/15360,47
R3_one_hand_mantle_01_f7787-7883,7834,2005504,1/15360,48
R3_one_hand_mantle_01_f7787-7883,7835,2005760,1/15360,49
R3_one_hand_mantle_01_f7787-7883,7836,2006016,1/15360,50
R3_one_hand_mantle_01_f7787-7883,7837,2006272,1/15360,51
R3_one_hand_mantle_01_f7787-7883,7838,2006528,1/15360,52
R3_one_hand_mantle_01_f7787-7883,7839,2006784,1/15360,53
R3_one_hand_mantle_01_f7787-7883,7840,2007040,1/15360,54
R3_one_hand_mantle_01_f7787-7883,7841,2007296,1/15360,55
R3_one_hand_mantle_01_f7787-7883,7842,2007552,1/15360,56
R3_one_hand_mantle_01_f7787-7883,7843,2007808,1/15360,57
R3_one_hand_mantle_01_f7787-7883,7844,2008064,1/15360,58
R3_one_hand_mantle_01_f7787-7883,7845,2008320,1/15360,59
R3_one_hand_mantle_01_f7787-7883,7846,2008576,1/15360,60
R3_one_hand_mantle_01_f7787-7883,7847,2008832,1/15360,61
R3_one_hand_mantle_01_f7787-7883,7848,2009088,1/15360,62
R3_one_hand_mantle_01_f7787-7883,7849,2009344,1/15360,63
R3_one_hand_mantle_01_f7787-7883,7850,2009600,1/15360,64
R3_one_hand_mantle_01_f7787-7883,7851,2009856,1/15360,65
R3_one_hand_mantle_01_f7787-7883,7852,2010112,1/15360,66
R3_one_hand_mantle_01_f7787-7883,7853,2010368,1/15360,67
R3_one_hand_mantle_01_f7787-7883,7854,2010624,1/15360,68
R3_one_hand_mantle_01_f7787-7883,7855,2010880,1/15360,69
R3_one_hand_mantle_01_f7787-7883,7856,2011136,1/15360,70
R3_one_hand_mantle_01_f7787-7883,7857,2011392,1/15360,71
R3_one_hand_mantle_01_f7787-7883,7858,2011648,1/15360,72
R3_one_hand_mantle_01_f7787-7883,7859,2011904,1/15360,73
R3_one_hand_mantle_01_f7787-7883,7860,2012160,1/15360,74
R3_one_hand_mantle_01_f7787-7883,7861,2012416,1/15360,75
R3_one_hand_mantle_01_f7787-7883,7862,2012672,1/15360,76
R3_one_hand_mantle_01_f7787-7883,7863,2012928,1/15360,77
R3_one_hand_mantle_01_f7787-7883,7864,2013184,1/15360,78
R3_one_hand_mantle_01_f7787-7883,7865,2013440,1/15360,79
R3_one_hand_mantle_01_f7787-7883,7866,2013696,1/15360,80
R3_one_hand_mantle_01_f7787-7883,7867,2013952,1/15360,81
R3_one_hand_mantle_01_f7787-7883,7868,2014208,1/15360,82
R3_one_hand_mantle_01_f7787-7883,7869,2014464,1/15360,83
R3_one_hand_mantle_01_f7787-7883,7870,2014720,1/15360,84
R3_one_hand_mantle_01_f7787-7883,7871,2014976,1/15360,85
R3_one_hand_mantle_01_f7787-7883,7872,2015232,1/15360,86
R3_one_hand_mantle_01_f7787-7883,7873,2015488,1/15360,87
R3_one_hand_mantle_01_f7787-7883,7874,2015744,1/15360,88
R3_one_hand_mantle_01_f7787-7883,7875,2016000,1/15360,89
R3_one_hand_mantle_01_f7787-7883,7876,2016256,1/15360,90
R3_one_hand_mantle_01_f7787-7883,7877,2016512,1/15360,91
R3_one_hand_mantle_01_f7787-7883,7878,2016768,1/15360,92
R3_one_hand_mantle_01_f7787-7883,7879,2017024,1/15360,93
R3_one_hand_mantle_01_f7787-7883,7880,2017280,1/15360,94
R3_one_hand_mantle_01_f7787-7883,7881,2017536,1/15360,95
R3_one_hand_mantle_01_f7787-7883,7882,2017792,1/15360,96
