output_index,source_frame,source_time_seconds,source_pts_ticks,action,action_frame,action_time_seconds,output_pts_ticks
0,2241,37.35,573696,prone_crawl_enter_r1,1,0.0,0
1,2242,37.36666666666667,573952,prone_crawl_enter_r1,2,0.016666666666666666,256
2,2243,37.38333333333333,574208,prone_crawl_enter_r1,3,0.03333333333333333,512
3,2244,37.4,574464,prone_crawl_enter_r1,4,0.05,768
4,2245,37.416666666666664,574720,prone_crawl_enter_r1,5,0.06666666666666667,1024
5,2246,37.43333333333333,574976,prone_crawl_enter_r1,6,0.08333333333333333,1280
6,2247,37.45,575232,prone_crawl_enter_r1,7,0.1,1536
7,2248,37.46666666666667,575488,prone_crawl_enter_r1,8,0.11666666666666667,1792
8,2249,37.483333333333334,575744,prone_crawl_enter_r1,9,0.13333333333333333,2048
9,2250,37.5,576000,prone_crawl_enter_r1,10,0.15,2304
10,2251,37.516666666666666,576256,prone_crawl_enter_r1,11,0.16666666666666666,2560
11,2252,37.53333333333333,576512,prone_crawl_enter_r1,12,0.18333333333333332,2816
12,2253,37.55,576768,prone_crawl_enter_r1,13,0.2,3072
13,2254,37.56666666666667,577024,prone_crawl_enter_r1,14,0.21666666666666667,3328
14,2255,37.583333333333336,577280,prone_crawl_enter_r1,15,0.23333333333333334,3584
15,2256,37.6,577536,prone_crawl_enter_r1,16,0.25,3840
16,2257,37.61666666666667,577792,prone_crawl_enter_r1,17,0.26666666666666666,4096
17,2258,37.63333333333333,578048,prone_crawl_enter_r1,18,0.2833333333333333,4352
18,2259,37.65,578304,prone_crawl_enter_r1,19,0.3,4608
19,2260,37.666666666666664,578560,prone_crawl_enter_r1,20,0.31666666666666665,4864
20,2261,37.68333333333333,578816,prone_crawl_enter_r1,21,0.3333333333333333,5120
21,2262,37.7,579072,prone_crawl_enter_r1,22,0.35,5376
22,2263,37.71666666666667,579328,prone_crawl_enter_r1,23,0.36666666666666664,5632
23,2264,37.733333333333334,579584,prone_crawl_enter_r1,24,0.38333333333333336,5888
24,2265,37.75,579840,prone_crawl_enter_r1,25,0.4,6144
25,2266,37.766666666666666,580096,prone_crawl_enter_r1,26,0.4166666666666667,6400
26,2267,37.78333333333333,580352,prone_crawl_enter_r1,27,0.43333333333333335,6656
27,2268,37.8,580608,prone_crawl_enter_r1,28,0.45,6912
28,2269,37.81666666666667,580864,prone_crawl_enter_r1,29,0.4666666666666667,7168
29,2270,37.833333333333336,581120,prone_crawl_enter_r1,30,0.48333333333333334,7424
30,2271,37.85,581376,prone_crawl_enter_r1,31,0.5,7680
31,2272,37.86666666666667,581632,prone_crawl_enter_r1,32,0.5166666666666667,7936
32,2273,37.88333333333333,581888,prone_crawl_enter_r1,33,0.5333333333333333,8192
33,2274,37.9,582144,prone_crawl_enter_r1,34,0.55,8448
34,2275,37.916666666666664,582400,prone_crawl_enter_r1,35,0.5666666666666667,8704
35,2276,37.93333333333333,582656,prone_crawl_enter_r1,36,0.5833333333333334,8960
36,2277,37.95,582912,prone_crawl_enter_r1,37,0.6,9216
37,2278,37.96666666666667,583168,prone_crawl_enter_r1,38,0.6166666666666667,9472
38,2279,37.983333333333334,583424,prone_crawl_enter_r1,39,0.6333333333333333,9728
39,2280,38.0,583680,prone_crawl_enter_r1,40,0.65,9984
40,2281,38.016666666666666,583936,prone_crawl_enter_r1,41,0.6666666666666666,10240
41,2282,38.03333333333333,584192,prone_crawl_enter_r1,42,0.6833333333333333,10496
42,2283,38.05,584448,prone_crawl_enter_r1,43,0.7,10752
43,2284,38.06666666666667,584704,prone_crawl_enter_r1,44,0.7166666666666667,11008
44,2285,38.083333333333336,584960,prone_crawl_enter_r1,45,0.7333333333333333,11264
45,2286,38.1,585216,prone_crawl_enter_r1,46,0.75,11520
46,2287,38.11666666666667,585472,prone_crawl_enter_r1,47,0.7666666666666667,11776
47,2288,38.13333333333333,585728,prone_crawl_enter_r1,48,0.7833333333333333,12032
48,2289,38.15,585984,prone_crawl_enter_r1,49,0.8,12288
49,2290,38.166666666666664,586240,prone_crawl_enter_r1,50,0.8166666666666667,12544
50,2291,38.18333333333333,586496,prone_crawl_enter_r1,51,0.8333333333333334,12800
51,2292,38.2,586752,prone_crawl_enter_r1,52,0.85,13056
52,2293,38.21666666666667,587008,prone_crawl_enter_r1,53,0.8666666666666667,13312
53,2294,38.233333333333334,587264,prone_crawl_enter_r1,54,0.8833333333333333,13568
54,2295,38.25,587520,prone_crawl_enter_r1,55,0.9,13824
55,2296,38.266666666666666,587776,prone_crawl_enter_r1,56,0.9166666666666666,14080
56,2297,38.28333333333333,588032,prone_crawl_enter_r1,57,0.9333333333333333,14336
57,2298,38.3,588288,prone_crawl_enter_r1,58,0.95,14592
58,2299,38.31666666666667,588544,prone_crawl_enter_r1,59,0.9666666666666667,14848
59,2300,38.333333333333336,588800,prone_crawl_enter_r1,60,0.9833333333333333,15104
60,2301,38.35,589056,prone_crawl_enter_r1,61,1.0,15360
61,2302,38.36666666666667,589312,prone_crawl_enter_r1,62,1.0166666666666666,15616
62,2303,38.38333333333333,589568,prone_crawl_enter_r1,63,1.0333333333333334,15872
63,2304,38.4,589824,prone_crawl_enter_r1,64,1.05,16128
64,2305,38.416666666666664,590080,prone_crawl_enter_r1,65,1.0666666666666667,16384
65,2306,38.43333333333333,590336,prone_crawl_enter_r1,66,1.0833333333333333,16640
66,2307,38.45,590592,prone_crawl_enter_r1,67,1.1,16896
67,2308,38.46666666666667,590848,prone_crawl_enter_r1,68,1.1166666666666667,17152
68,2309,38.483333333333334,591104,prone_crawl_enter_r1,69,1.1333333333333333,17408
